fecha,clasificacion_vuelo,ruta_nombre,vuelos,pasajeros,asientos
2017-01-01,Cabotaje,Bahía Blanca - Ciudad de Buenos Aires,3352,336779,417643
2017-01-01,Cabotaje,Bahía Blanca - Mar del Plata,524,24648,50304
2017-01-01,Cabotaje,Bahía Blanca - Neuquén,102,5062,9929
2017-01-01,Cabotaje,Bahía Blanca - San Carlos de Bariloche,72,5692,7913
2017-01-01,Cabotaje,Bahía Blanca - Trelew,295,12452,28357
2017-01-01,Cabotaje,Bahía Blanca - Ushuaia,225,16849,21552
2017-01-01,Cabotaje,Ciudad de Buenos Aires - Comodoro Rivadavia,4135,456224,571815
2017-01-01,Cabotaje,Ciudad de Buenos Aires - Corrientes,1166,97297,115952
2017-01-01,Cabotaje,Ciudad de Buenos Aires - Córdoba,9898,1201681,1549512
2017-01-01,Cabotaje,Ciudad de Buenos Aires - El Calafate,2786,374509,454417
2017-01-01,Cabotaje,Ciudad de Buenos Aires - Esquel,619,59068,78321
2017-01-01,Cabotaje,Ciudad de Buenos Aires - Formosa,1203,105188,121022
2017-01-01,Cabotaje,Ciudad de Buenos Aires - La Rioja,852,65270,93654
2017-01-01,Cabotaje,Ciudad de Buenos Aires - Mar del Plata,1990,181357,206489
2017-01-01,Cabotaje,Ciudad de Buenos Aires - Mendoza,7240,876271,1098282
2017-01-01,Cabotaje,Ciudad de Buenos Aires - Neuquén,5410,715397,871068
2017-01-01,Cabotaje,Ciudad de Buenos Aires - Paraná,1167,98885,128655
2017-01-01,Cabotaje,Ciudad de Buenos Aires - Posadas,1875,205378,237428
2017-01-01,Cabotaje,Ciudad de Buenos Aires - Puerto Iguazú,6194,835472,989913
2017-01-01,Cabotaje,Ciudad de Buenos Aires - Puerto Madryn,734,93024,117324
2017-01-01,Cabotaje,Ciudad de Buenos Aires - Reconquista,97,1503,1950
2017-01-01,Cabotaje,Ciudad de Buenos Aires - Resistencia,2455,272849,339029
2017-01-01,Cabotaje,Ciudad de Buenos Aires - Rio Hondo,1307,149021,196626
2017-01-01,Cabotaje,Ciudad de Buenos Aires - Rosario,1199,85760,113724
2017-01-01,Cabotaje,Ciudad de Buenos Aires - Río Cuarto,939,55249,90378
2017-01-01,Cabotaje,Ciudad de Buenos Aires - Río Gallegos,1792,234211,283075
2017-01-01,Cabotaje,Ciudad de Buenos Aires - Río Grande,867,92895,110409
2017-01-01,Cabotaje,Ciudad de Buenos Aires - Salta,6316,811610,1035229
2017-01-01,Cabotaje,Ciudad de Buenos Aires - San Carlos de Bariloche,7449,994272,1207105
2017-01-01,Cabotaje,Ciudad de Buenos Aires - San Fernando del Valle de Catamarca,765,54281,79691
2017-01-01,Cabotaje,Ciudad de Buenos Aires - San Juan,2062,199716,276654
2017-01-01,Cabotaje,Ciudad de Buenos Aires - San Luis,1182,88851,113895
2017-01-01,Cabotaje,Ciudad de Buenos Aires - San Martín de los Andes,818,103443,128490
2017-01-01,Cabotaje,Ciudad de Buenos Aires - San Miguel de Tucumán,4105,495833,624791
2017-01-01,Cabotaje,Ciudad de Buenos Aires - San Rafael,712,54488,68292
2017-01-01,Cabotaje,Ciudad de Buenos Aires - San Salvador de Jujuy,2120,193707,240399
2017-01-01,Cabotaje,Ciudad de Buenos Aires - Santa Fe,502,36841,52711
2017-01-01,Cabotaje,Ciudad de Buenos Aires - Santa Rosa,592,45172,56940
2017-01-01,Cabotaje,Ciudad de Buenos Aires - Santiago del Estero,1197,96844,117278
2017-01-01,Cabotaje,Ciudad de Buenos Aires - Trelew,1771,198725,242119
2017-01-01,Cabotaje,Ciudad de Buenos Aires - Ushuaia,3697,483717,577454
2017-01-01,Cabotaje,Ciudad de Buenos Aires - Viedma,380,26158,36480
2017-01-01,Cabotaje,Comodoro Rivadavia - Córdoba,530,49760,56690
2017-01-01,Cabotaje,Comodoro Rivadavia - Ezeiza,54,6388,8204
2017-01-01,Cabotaje,Comodoro Rivadavia - Neuquén,723,53328,81852
2017-01-01,Cabotaje,Comodoro Rivadavia - Río Gallegos,329,11557,21103
2017-01-01,Cabotaje,Comodoro Rivadavia - Trelew,306,11079,28508
2017-01-01,Cabotaje,Córdoba - El Calafate,168,15293,18732
2017-01-01,Cabotaje,Córdoba - Ezeiza,1807,151421,199630
2017-01-01,Cabotaje,Córdoba - Mar del Plata,144,10969,13824
2017-01-01,Cabotaje,Córdoba - Mendoza,1442,119701,152650
2017-01-01,Cabotaje,Córdoba - Neuquén,476,41981,46197
2017-01-01,Cabotaje,Córdoba - Puerto Iguazú,535,41626,51809
2017-01-01,Cabotaje,Córdoba - Resistencia,445,33124,42829
2017-01-01,Cabotaje,Córdoba - Rio Hondo,132,7898,13042
2017-01-01,Cabotaje,Córdoba - Rosario,513,19565,55193
2017-01-01,Cabotaje,Córdoba - Río Cuarto,124,641,11856
2017-01-01,Cabotaje,Córdoba - Salta,644,70731,80522
2017-01-01,Cabotaje,Córdoba - San Carlos de Bariloche,535,45295,60223
2017-01-01,Cabotaje,Córdoba - San Miguel de Tucumán,311,24561,30335
2017-01-01,Cabotaje,Córdoba - San Salvador de Jujuy,435,36089,42003
2017-01-01,Cabotaje,Córdoba - Trelew,117,11196,15078
2017-01-01,Cabotaje,Córdoba - Ushuaia,469,43340,52604
2017-01-01,Cabotaje,El Calafate - Ezeiza,256,31161,39682
2017-01-01,Cabotaje,El Calafate - Rosario,152,11181,17108
2017-01-01,Cabotaje,El Calafate - San Carlos de Bariloche,392,35775,66513
2017-01-01,Cabotaje,El Calafate - Trelew,87,4970,8389
2017-01-01,Cabotaje,El Calafate - Ushuaia,1278,137292,215676
2017-01-01,Cabotaje,Ezeiza - Mar del Plata,527,36540,50656
2017-01-01,Cabotaje,Ezeiza - Mendoza,1705,115961,165035
2017-01-01,Cabotaje,Ezeiza - Puerto Iguazú,716,64127,79122
2017-01-01,Cabotaje,Ezeiza - Puerto Madryn,60,5355,8413
2017-01-01,Cabotaje,Ezeiza - Rosario,1085,72495,107371
2017-01-01,Cabotaje,Ezeiza - Río Grande,507,49925,64574
2017-01-01,Cabotaje,Ezeiza - Salta,734,58046,90238
2017-01-01,Cabotaje,Ezeiza - San Carlos de Bariloche,865,103803,144918
2017-01-01,Cabotaje,Ezeiza - San Juan,75,5251,7449
2017-01-01,Cabotaje,Ezeiza - Trelew,381,38498,60272
2017-01-01,Cabotaje,Ezeiza - Ushuaia,367,62616,81063
2017-01-01,Cabotaje,La Rioja - San Fernando del Valle de Catamarca,330,14089,37429
2017-01-01,Cabotaje,Mar del Plata - Mendoza,57,5005,5472
2017-01-01,Cabotaje,Mar del Plata - Neuquén,58,1499,2267
2017-01-01,Cabotaje,Mar del Plata - Rosario,58,4433,5556
2017-01-01,Cabotaje,Mar del Plata - San Carlos de Bariloche,53,4455,5370
2017-01-01,Cabotaje,Mar del Plata - San Miguel de Tucumán,97,7486,9264
2017-01-01,Cabotaje,Mendoza - Neuquén,721,48391,83464
2017-01-01,Cabotaje,Mendoza - Rosario,448,30292,43317
2017-01-01,Cabotaje,Mendoza - Salta,331,19335,31845
2017-01-01,Cabotaje,Mendoza - San Juan,161,8092,27031
2017-01-01,Cabotaje,Neuquén - San Carlos de Bariloche,51,1765,2791
2017-01-01,Cabotaje,Puerto Iguazú - Rosario,357,23968,35151
2017-01-01,Cabotaje,Puerto Iguazú - Salta,401,26987,38685
2017-01-01,Cabotaje,Rosario - Salta,295,22351,28431
2017-01-01,Cabotaje,Rosario - San Carlos de Bariloche,426,36515,47535
2017-01-01,Cabotaje,Río Gallegos - Río Grande,144,2876,5315
2017-01-01,Cabotaje,Río Gallegos - Ushuaia,56,2530,4874
2017-01-01,Cabotaje,Salta - San Salvador de Jujuy,254,14555,42343
2017-01-01,Cabotaje,San Carlos de Bariloche - Viedma,295,13209,28272
2017-01-01,Cabotaje,San Miguel de Tucumán - San Salvador de Jujuy,71,3877,11204
2017-01-01,Cabotaje,Trelew - Ushuaia,317,24665,53853
2017-01-01,Internacional,Amsterdam - Ezeiza,536,192637,221408
2017-01-01,Internacional,Asunción - Ciudad de Buenos Aires,1639,92125,119501
2017-01-01,Internacional,Asunción - Córdoba,395,52407,117902
2017-01-01,Internacional,Asunción - Ezeiza,1645,172376,229482
2017-01-01,Internacional,Asunción - Salta,208,2373,10400
2017-01-01,Internacional,Atlanta - Ezeiza,722,169400,191261
2017-01-01,Internacional,Auckland - Ezeiza,355,89829,107512
2017-01-01,Internacional,Barcelona - Ezeiza,688,184528,203490
2017-01-01,Internacional,Belo Horizonte - Ezeiza,1048,110812,130078
2017-01-01,Internacional,Bogotá - Ezeiza,1804,370560,444848
2017-01-01,Internacional,Brasilia - Ezeiza,593,101021,114688
2017-01-01,Internacional,Cancún - Ezeiza,455,113666,129523
2017-01-01,Internacional,Caracas - Ezeiza,75,17773,27689
2017-01-01,Internacional,Cayo Coco - Ezeiza,53,11085,14829
2017-01-01,Internacional,Ciudad de Buenos Aires - Curitiba,642,54081,64377
2017-01-01,Internacional,Ciudad de Buenos Aires - Florianópolis,467,64715,79048
2017-01-01,Internacional,Ciudad de Buenos Aires - Montevideo,4824,265225,413661
2017-01-01,Internacional,Ciudad de Buenos Aires - Porto Alegre,727,89793,113185
2017-01-01,Internacional,Ciudad de Buenos Aires - Porto Seguro,239,33117,38672
2017-01-01,Internacional,Ciudad de Buenos Aires - Punta del Este,1480,116728,171043
2017-01-01,Internacional,Ciudad de Buenos Aires - Río de Janeiro,2223,283026,333132
2017-01-01,Internacional,Ciudad de Buenos Aires - Salvador,280,39523,47408
2017-01-01,Internacional,Ciudad de Buenos Aires - Santa Cruz de la Sierra,812,96277,130432
2017-01-01,Internacional,Ciudad de Buenos Aires - Santiago,6277,895100,1105726
2017-01-01,Internacional,Ciudad de Buenos Aires - São Paulo,7985,1162583,1422803
2017-01-01,Internacional,Cochabamba - Ezeiza,59,6273,7507
2017-01-01,Internacional,Córdoba - Florianópolis,66,7669,8537
2017-01-01,Internacional,Córdoba - Lima,724,137263,159006
2017-01-01,Internacional,Córdoba - Montevideo,108,3390,5714
2017-01-01,Internacional,Córdoba - Panamá,789,108260,121402
2017-01-01,Internacional,Córdoba - Porto Seguro,116,15156,18694
2017-01-01,Internacional,Córdoba - Punta del Este,58,4446,5714
2017-01-01,Internacional,Córdoba - Río de Janeiro,701,102418,125587
2017-01-01,Internacional,Córdoba - Salvador,157,21355,27207
2017-01-01,Internacional,Córdoba - Santiago,2056,322132,377048
2017-01-01,Internacional,Córdoba - São Paulo,747,131310,149158
2017-01-01,Internacional,Dallas-Fort Worth - Ezeiza,687,160796,193621
2017-01-01,Internacional,Ezeiza - Florianópolis,814,109770,146285
2017-01-01,Internacional,Ezeiza - Fortaleza,112,15405,20244
2017-01-01,Internacional,Ezeiza - Frankfurt am Main,722,235229,264314
2017-01-01,Internacional,Ezeiza - Houston,709,167617,190594
2017-01-01,Internacional,Ezeiza - Lima,5052,882754,987276
2017-01-01,Internacional,Ezeiza - Londres,719,175131,197967
2017-01-01,Internacional,Ezeiza - Madrid,2916,814668,928335
2017-01-01,Internacional,Ezeiza - Manaus,94,8817,16991
2017-01-01,Internacional,Ezeiza - Miami,4121,995482,1105003
2017-01-01,Internacional,Ezeiza - Montevideo,797,61794,158902
2017-01-01,Internacional,Ezeiza - México DF,834,195252,222332
2017-01-01,Internacional,Ezeiza - Natal,84,12502,15180
2017-01-01,Internacional,Ezeiza - Nueva York,1557,353141,411127
2017-01-01,Internacional,Ezeiza - Panamá,1940,274007,298732
2017-01-01,Internacional,Ezeiza - París,721,192138,206110
2017-01-01,Internacional,Ezeiza - Porto Seguro,163,22869,28577
2017-01-01,Internacional,Ezeiza - Punta Cana,364,87598,98690
2017-01-01,Internacional,Ezeiza - Recife,269,39285,47473
2017-01-01,Internacional,Ezeiza - Roma,1325,331697,378111
2017-01-01,Internacional,Ezeiza - Río de Janeiro,3956,651389,793110
2017-01-01,Internacional,Ezeiza - Salvador,525,74632,90904
2017-01-01,Internacional,Ezeiza - Santa Cruz de la Sierra,853,129171,149714
2017-01-01,Internacional,Ezeiza - Santiago,6628,1122412,1470928
2017-01-01,Internacional,Ezeiza - São Paulo,4131,736973,945257
2017-01-01,Internacional,Iquique - Salta,236,7537,15266
2017-01-01,Internacional,Lima - Mendoza,378,50421,63633
2017-01-01,Internacional,Lima - Rosario,705,95202,113429
2017-01-01,Internacional,Lima - Salta,324,45491,54432
2017-01-01,Internacional,Lima - San Miguel de Tucumán,100,12189,15912
2017-01-01,Internacional,Mendoza - Panamá,53,6515,8288
2017-01-01,Internacional,Mendoza - Santiago,3318,423540,566592
2017-01-01,Internacional,Mendoza - São Paulo,211,29832,38178
2017-01-01,Internacional,Neuquén - Santiago,76,9071,12772
2017-01-01,Internacional,Panamá - Rosario,712,93747,109648
2017-01-01,Internacional,Punta Arenas - Ushuaia,81,971,1741
2017-01-01,Internacional,Rosario - Santiago,271,36503,48400
2017-01-01,Internacional,Rosario - São Paulo,721,129005,147577
2017-01-01,Internacional,Río de Janeiro - Rosario,517,77668,92133
2017-01-01,Internacional,Salta - Santa Cruz de la Sierra,310,22524,40404
2017-01-01,Internacional,San Carlos de Bariloche - São Paulo,53,8546,9286
2017-01-01,Internacional,San Juan - Santiago,63,7557,10591
2017-01-01,Internacional,San Miguel de Tucumán - Santiago,76,9594,12792
2018-01-01,Cabotaje,Bahía Blanca - Ciudad de Buenos Aires,2859,287989,363205
2018-01-01,Cabotaje,Bahía Blanca - Córdoba,167,8764,16106
2018-01-01,Cabotaje,Bahía Blanca - El Palomar,165,15571,31044
2018-01-01,Cabotaje,Bahía Blanca - Mar del Plata,730,38102,68950
2018-01-01,Cabotaje,Bahía Blanca - Neuquén,168,8626,16131
2018-01-01,Cabotaje,Bahía Blanca - San Carlos de Bariloche,136,9923,14126
2018-01-01,Cabotaje,Bahía Blanca - Trelew,382,18091,36624
2018-01-01,Cabotaje,Bahía Blanca - Ushuaia,335,24375,32310
2018-01-01,Cabotaje,Ciudad de Buenos Aires - Comodoro Rivadavia,4652,489333,652935
2018-01-01,Cabotaje,Ciudad de Buenos Aires - Corrientes,1051,89630,128891
2018-01-01,Cabotaje,Ciudad de Buenos Aires - Córdoba,10046,1246583,1612827
2018-01-01,Cabotaje,Ciudad de Buenos Aires - El Calafate,2393,342667,398114
2018-01-01,Cabotaje,Ciudad de Buenos Aires - Esquel,625,51094,66438
2018-01-01,Cabotaje,Ciudad de Buenos Aires - Formosa,1116,108466,140167
2018-01-01,Cabotaje,Ciudad de Buenos Aires - La Rioja,977,65907,94554
2018-01-01,Cabotaje,Ciudad de Buenos Aires - Mar del Plata,4550,322804,403764
2018-01-01,Cabotaje,Ciudad de Buenos Aires - Mendoza,6685,868543,1062316
2018-01-01,Cabotaje,Ciudad de Buenos Aires - Neuquén,5804,743126,957020
2018-01-01,Cabotaje,Ciudad de Buenos Aires - Paraná,991,72948,99856
2018-01-01,Cabotaje,Ciudad de Buenos Aires - Posadas,2122,214869,286567
2018-01-01,Cabotaje,Ciudad de Buenos Aires - Puerto Iguazú,6180,832857,1019964
2018-01-01,Cabotaje,Ciudad de Buenos Aires - Puerto Madryn,648,97674,113477
2018-01-01,Cabotaje,Ciudad de Buenos Aires - Resistencia,2769,254088,349867
2018-01-01,Cabotaje,Ciudad de Buenos Aires - Rio Hondo,255,20133,29607
2018-01-01,Cabotaje,Ciudad de Buenos Aires - Rosario,3013,176007,258763
2018-01-01,Cabotaje,Ciudad de Buenos Aires - Río Cuarto,572,38043,54928
2018-01-01,Cabotaje,Ciudad de Buenos Aires - Río Gallegos,1809,230645,275730
2018-01-01,Cabotaje,Ciudad de Buenos Aires - Río Grande,1120,121075,139589
2018-01-01,Cabotaje,Ciudad de Buenos Aires - Salta,5378,728101,900356
2018-01-01,Cabotaje,Ciudad de Buenos Aires - San Carlos de Bariloche,7719,1049629,1300035
2018-01-01,Cabotaje,Ciudad de Buenos Aires - San Fernando del Valle de Catamarca,908,60743,88465
2018-01-01,Cabotaje,Ciudad de Buenos Aires - San Juan,1915,193956,254355
2018-01-01,Cabotaje,Ciudad de Buenos Aires - San Luis,1161,89728,125652
2018-01-01,Cabotaje,Ciudad de Buenos Aires - San Martín de los Andes,1118,140864,189246
2018-01-01,Cabotaje,Ciudad de Buenos Aires - San Miguel de Tucumán,5852,689075,940682
2018-01-01,Cabotaje,Ciudad de Buenos Aires - San Rafael,715,52509,68672
2018-01-01,Cabotaje,Ciudad de Buenos Aires - San Salvador de Jujuy,2663,278023,375384
2018-01-01,Cabotaje,Ciudad de Buenos Aires - Santa Fe,1633,102396,140573
2018-01-01,Cabotaje,Ciudad de Buenos Aires - Santa Rosa,608,45622,58320
2018-01-01,Cabotaje,Ciudad de Buenos Aires - Santiago del Estero,1142,99496,137489
2018-01-01,Cabotaje,Ciudad de Buenos Aires - Trelew,2188,246432,332334
2018-01-01,Cabotaje,Ciudad de Buenos Aires - Ushuaia,3660,494393,567374
2018-01-01,Cabotaje,Ciudad de Buenos Aires - Viedma,454,33414,43536
2018-01-01,Cabotaje,Comodoro Rivadavia - Córdoba,710,75529,88688
2018-01-01,Cabotaje,Comodoro Rivadavia - Mendoza,336,21055,32288
2018-01-01,Cabotaje,Comodoro Rivadavia - Neuquén,689,47131,66128
2018-01-01,Cabotaje,Comodoro Rivadavia - Río Gallegos,122,1808,4337
2018-01-01,Cabotaje,Comodoro Rivadavia - Río Mayo,55,146,574
2018-01-01,Cabotaje,Comodoro Rivadavia - Trelew,375,15031,35952
2018-01-01,Cabotaje,Corrientes - El Palomar,487,63281,92043
2018-01-01,Cabotaje,Córdoba - Corrientes,52,4183,9735
2018-01-01,Cabotaje,Córdoba - El Calafate,206,17507,19744
2018-01-01,Cabotaje,Córdoba - El Palomar,889,105645,168021
2018-01-01,Cabotaje,Córdoba - Ezeiza,2125,165776,233982
2018-01-01,Cabotaje,Córdoba - Mar del Plata,271,20404,25876
2018-01-01,Cabotaje,Córdoba - Mendoza,1826,162838,211670
2018-01-01,Cabotaje,Córdoba - Neuquén,721,92183,116386
2018-01-01,Cabotaje,Córdoba - Posadas,380,28169,36570
2018-01-01,Cabotaje,Córdoba - Puerto Iguazú,756,69460,96029
2018-01-01,Cabotaje,Córdoba - Resistencia,475,38010,45732
2018-01-01,Cabotaje,Córdoba - Salta,722,97779,115454
2018-01-01,Cabotaje,Córdoba - San Carlos de Bariloche,930,83717,117805
2018-01-01,Cabotaje,Córdoba - San Miguel de Tucumán,715,67326,89698
2018-01-01,Cabotaje,Córdoba - San Salvador de Jujuy,706,61619,70994
2018-01-01,Cabotaje,Córdoba - Trelew,132,11945,14210
2018-01-01,Cabotaje,Córdoba - Ushuaia,475,39801,45637
2018-01-01,Cabotaje,El Calafate - Ezeiza,408,49579,66240
2018-01-01,Cabotaje,El Calafate - Rosario,52,4090,4992
2018-01-01,Cabotaje,El Calafate - San Carlos de Bariloche,388,42785,65875
2018-01-01,Cabotaje,El Calafate - Trelew,158,9348,15184
2018-01-01,Cabotaje,El Calafate - Ushuaia,990,128916,164172
2018-01-01,Cabotaje,El Palomar - Mendoza,563,70928,106407
2018-01-01,Cabotaje,El Palomar - Neuquén,375,40623,70875
2018-01-01,Cabotaje,El Palomar - Posadas,365,46409,68985
2018-01-01,Cabotaje,El Palomar - Puerto Iguazú,452,61970,85428
2018-01-01,Cabotaje,El Palomar - Salta,279,36454,52731
2018-01-01,Cabotaje,El Palomar - San Carlos de Bariloche,814,107181,153846
2018-01-01,Cabotaje,El Palomar - San Miguel de Tucumán,353,39866,66717
2018-01-01,Cabotaje,El Palomar - San Salvador de Jujuy,299,37524,56417
2018-01-01,Cabotaje,El Palomar - Santiago del Estero,185,20125,34965
2018-01-01,Cabotaje,Ezeiza - Mar del Plata,705,47597,67957
2018-01-01,Cabotaje,Ezeiza - Mendoza,1747,125845,169037
2018-01-01,Cabotaje,Ezeiza - Puerto Iguazú,808,68374,89789
2018-01-01,Cabotaje,Ezeiza - Rosario,758,50212,73596
2018-01-01,Cabotaje,Ezeiza - Río Grande,258,25592,30217
2018-01-01,Cabotaje,Ezeiza - Salta,687,70628,110459
2018-01-01,Cabotaje,Ezeiza - San Carlos de Bariloche,1112,131519,189402
2018-01-01,Cabotaje,Ezeiza - San Miguel de Tucumán,366,28007,48093
2018-01-01,Cabotaje,Ezeiza - San Salvador de Jujuy,55,4441,8868
2018-01-01,Cabotaje,Ezeiza - Trelew,348,34678,58282
2018-01-01,Cabotaje,Ezeiza - Ushuaia,409,54159,64470
2018-01-01,Cabotaje,Mar del Plata - Mendoza,79,6449,7600
2018-01-01,Cabotaje,Mar del Plata - Rosario,75,5769,7448
2018-01-01,Cabotaje,Mar del Plata - San Miguel de Tucumán,98,7626,9360
2018-01-01,Cabotaje,Mendoza - Neuquén,689,47568,66133
2018-01-01,Cabotaje,Mendoza - Puerto Iguazú,163,17598,29506
2018-01-01,Cabotaje,Mendoza - Rosario,371,28045,35894
2018-01-01,Cabotaje,Mendoza - Salta,281,20866,27114
2018-01-01,Cabotaje,Mendoza - San Carlos de Bariloche,185,20194,34456
2018-01-01,Cabotaje,Puerto Iguazú - Rosario,310,21368,29797
2018-01-01,Cabotaje,Puerto Iguazú - Salta,332,26957,32800
2018-01-01,Cabotaje,Reconquista - Rosario,180,7121,12963
2018-01-01,Cabotaje,Rosario - Salta,285,21259,27386
2018-01-01,Cabotaje,Rosario - San Carlos de Bariloche,501,40506,50861
2018-01-01,Cabotaje,Río Gallegos - Río Grande,125,2324,4331
2018-01-01,Cabotaje,Salta - San Miguel de Tucumán,167,11384,27855
2018-01-01,Cabotaje,Salta - San Salvador de Jujuy,60,4381,9847
2018-01-01,Cabotaje,San Carlos de Bariloche - San Miguel de Tucumán,63,8583,10588
2018-01-01,Cabotaje,San Miguel de Tucumán - San Salvador de Jujuy,108,6751,17892
2018-01-01,Cabotaje,Trelew - Ushuaia,357,29725,59813
2018-01-01,Internacional,Amsterdam - Ezeiza,635,222369,262364
2018-01-01,Internacional,Asunción - Ciudad de Buenos Aires,1506,92812,127841
2018-01-01,Internacional,Asunción - Córdoba,490,68334,146112
2018-01-01,Internacional,Asunción - Ezeiza,1958,182183,261474
2018-01-01,Internacional,Asunción - Salta,284,3021,14200
2018-01-01,Internacional,Atlanta - Ezeiza,725,173311,207396
2018-01-01,Internacional,Auckland - Ezeiza,396,102531,122944
2018-01-01,Internacional,Barcelona - Ezeiza,570,159236,177833
2018-01-01,Internacional,Belo Horizonte - Ezeiza,1387,206137,239265
2018-01-01,Internacional,Bogotá - Ezeiza,1312,285005,332739
2018-01-01,Internacional,Brasilia - Ezeiza,541,90479,107575
2018-01-01,Internacional,Cancún - Ezeiza,517,119521,140637
2018-01-01,Internacional,Caracas - Ezeiza,207,31244,55902
2018-01-01,Internacional,Cayo Coco - Ezeiza,60,10236,15771
2018-01-01,Internacional,Ciudad de Buenos Aires - Curitiba,689,65218,95716
2018-01-01,Internacional,Ciudad de Buenos Aires - Florianópolis,443,56948,71119
2018-01-01,Internacional,Ciudad de Buenos Aires - Foz Do Iguaçu,425,51018,70118
2018-01-01,Internacional,Ciudad de Buenos Aires - Montevideo,4847,271618,434592
2018-01-01,Internacional,Ciudad de Buenos Aires - Porto Alegre,207,25723,33900
2018-01-01,Internacional,Ciudad de Buenos Aires - Porto Seguro,132,17744,22440
2018-01-01,Internacional,Ciudad de Buenos Aires - Punta del Este,1649,130972,201923
2018-01-01,Internacional,Ciudad de Buenos Aires - Río de Janeiro,931,133681,154991
2018-01-01,Internacional,Ciudad de Buenos Aires - Salvador,80,12085,13600
2018-01-01,Internacional,Ciudad de Buenos Aires - Santa Cruz de la Sierra,166,21349,25260
2018-01-01,Internacional,Ciudad de Buenos Aires - Santiago,4836,669530,872997
2018-01-01,Internacional,Ciudad de Buenos Aires - São Paulo,5485,784416,958669
2018-01-01,Internacional,Córdoba - Florianópolis,106,12289,13513
2018-01-01,Internacional,Córdoba - Lima,823,125168,174617
2018-01-01,Internacional,Córdoba - Montevideo,192,4316,9975
2018-01-01,Internacional,Córdoba - Panamá,1351,169827,208077
2018-01-01,Internacional,Córdoba - Porto Alegre,191,18258,22576
2018-01-01,Internacional,Córdoba - Punta del Este,83,6195,10198
2018-01-01,Internacional,Córdoba - Recife,97,13573,16962
2018-01-01,Internacional,Córdoba - Río de Janeiro,670,93123,119417
2018-01-01,Internacional,Córdoba - Salvador,159,19538,27737
2018-01-01,Internacional,Córdoba - Samana,74,9694,13962
2018-01-01,Internacional,Córdoba - Santa Cruz de la Sierra,159,3873,8324
2018-01-01,Internacional,Córdoba - Santiago,2240,282952,391292
2018-01-01,Internacional,Córdoba - São Paulo,734,111757,145052
2018-01-01,Internacional,Dallas-Fort Worth - Ezeiza,697,153624,192318
2018-01-01,Internacional,Ezeiza - Florianópolis,1015,135915,180033
2018-01-01,Internacional,Ezeiza - Fortaleza,107,14476,19398
2018-01-01,Internacional,Ezeiza - Frankfurt am Main,718,229220,262527
2018-01-01,Internacional,Ezeiza - Houston,730,165937,195361
2018-01-01,Internacional,Ezeiza - João Pessoa,54,7149,9756
2018-01-01,Internacional,Ezeiza - Lima,5148,854208,984457
2018-01-01,Internacional,Ezeiza - Londres,1094,274902,325601
2018-01-01,Internacional,Ezeiza - Maceió,75,9944,13566
2018-01-01,Internacional,Ezeiza - Madrid,3107,867388,1000622
2018-01-01,Internacional,Ezeiza - Manaus,105,10434,19029
2018-01-01,Internacional,Ezeiza - Miami,3893,898581,1041608
2018-01-01,Internacional,Ezeiza - México DF,903,204683,240436
2018-01-01,Internacional,Ezeiza - Natal,100,14194,17989
2018-01-01,Internacional,Ezeiza - Navegantes,465,48428,56241
2018-01-01,Internacional,Ezeiza - Nueva York,2158,457556,563627
2018-01-01,Internacional,Ezeiza - Panamá,2156,299847,332590
2018-01-01,Internacional,Ezeiza - París,702,190848,206900
2018-01-01,Internacional,Ezeiza - Porto Alegre,1074,83899,141996
2018-01-01,Internacional,Ezeiza - Porto Seguro,261,34897,46433
2018-01-01,Internacional,Ezeiza - Punta Cana,591,98694,114527
2018-01-01,Internacional,Ezeiza - Recife,425,61467,76960
2018-01-01,Internacional,Ezeiza - Roma,1445,350572,411521
2018-01-01,Internacional,Ezeiza - Río de Janeiro,4863,761269,975515
2018-01-01,Internacional,Ezeiza - Salvador,792,107823,138658
2018-01-01,Internacional,Ezeiza - Santa Cruz de la Sierra,1383,193416,253725
2018-01-01,Internacional,Ezeiza - Santiago,6849,1055255,1445032
2018-01-01,Internacional,Ezeiza - São Paulo,6753,1022954,1429263
2018-01-01,Internacional,Ezeiza - Toronto,208,43568,61984
2018-01-01,Internacional,Iquique - Salta,288,8216,18356
2018-01-01,Internacional,Lima - Mendoza,948,107594,145532
2018-01-01,Internacional,Lima - Rosario,716,99894,123180
2018-01-01,Internacional,Lima - Salta,387,39657,63396
2018-01-01,Internacional,Lima - San Miguel de Tucumán,546,53815,88342
2018-01-01,Internacional,Mendoza - Panamá,513,62227,80796
2018-01-01,Internacional,Mendoza - Santiago,2965,376682,502033
2018-01-01,Internacional,Mendoza - São Paulo,449,62519,78768
2018-01-01,Internacional,Neuquén - Santiago,308,37348,52065
2018-01-01,Internacional,Panamá - Rosario,720,97644,113184
2018-01-01,Internacional,Porto Alegre - Rosario,152,14242,17840
2018-01-01,Internacional,Punta Arenas - Ushuaia,91,672,1229
2018-01-01,Internacional,Recife - Rosario,79,10892,13746
2018-01-01,Internacional,Rosario - Santiago,825,96576,153347
2018-01-01,Internacional,Rosario - São Paulo,722,107770,144461
2018-01-01,Internacional,Río de Janeiro - Rosario,585,74675,101606
2018-01-01,Internacional,Salta - Santa Cruz de la Sierra,294,19536,41222
2018-01-01,Internacional,San Carlos de Bariloche - Santiago,51,6628,8754
2018-01-01,Internacional,San Carlos de Bariloche - São Paulo,172,25695,30073
2018-01-01,Internacional,San Juan - Santiago,101,12208,16969
2018-01-01,Internacional,San Miguel de Tucumán - Santiago,308,28014,52950
2018-01-01,Internacional,San Miguel de Tucumán - São Paulo,181,13986,31302
2019-01-01,Cabotaje,Bahía Blanca - Ciudad de Buenos Aires,2410,254836,305002
2019-01-01,Cabotaje,Bahía Blanca - El Palomar,128,16744,24192
2019-01-01,Cabotaje,Bahía Blanca - Mar del Plata,647,29092,62173
2019-01-01,Cabotaje,Bahía Blanca - Trelew,263,11143,25248
2019-01-01,Cabotaje,Bahía Blanca - Ushuaia,376,24475,36048
2019-01-01,Cabotaje,Ciudad de Buenos Aires - Comodoro Rivadavia,4025,464760,561501
2019-01-01,Cabotaje,Ciudad de Buenos Aires - Corrientes,899,79580,99593
2019-01-01,Cabotaje,Ciudad de Buenos Aires - Córdoba,10188,1339984,1651557
2019-01-01,Cabotaje,Ciudad de Buenos Aires - El Calafate,2771,398489,466631
2019-01-01,Cabotaje,Ciudad de Buenos Aires - Esquel,662,53238,69122
2019-01-01,Cabotaje,Ciudad de Buenos Aires - Formosa,1145,104350,124389
2019-01-01,Cabotaje,Ciudad de Buenos Aires - La Rioja,775,61286,74802
2019-01-01,Cabotaje,Ciudad de Buenos Aires - Mar del Plata,3267,256446,317988
2019-01-01,Cabotaje,Ciudad de Buenos Aires - Mendoza,8445,1111517,1380213
2019-01-01,Cabotaje,Ciudad de Buenos Aires - Neuquén,5782,810049,970862
2019-01-01,Cabotaje,Ciudad de Buenos Aires - Paraná,803,58483,79527
2019-01-01,Cabotaje,Ciudad de Buenos Aires - Posadas,1991,196161,238573
2019-01-01,Cabotaje,Ciudad de Buenos Aires - Puerto Iguazú,7882,1069228,1279914
2019-01-01,Cabotaje,Ciudad de Buenos Aires - Puerto Madryn,609,78609,100416
2019-01-01,Cabotaje,Ciudad de Buenos Aires - Resistencia,2404,238756,303818
2019-01-01,Cabotaje,Ciudad de Buenos Aires - Rio Hondo,145,9509,13583
2019-01-01,Cabotaje,Ciudad de Buenos Aires - Rosario,2110,150625,203177
2019-01-01,Cabotaje,Ciudad de Buenos Aires - Río Cuarto,546,36613,52368
2019-01-01,Cabotaje,Ciudad de Buenos Aires - Río Gallegos,1793,246966,297927
2019-01-01,Cabotaje,Ciudad de Buenos Aires - Río Grande,1328,143500,189849
2019-01-01,Cabotaje,Ciudad de Buenos Aires - Salta,5864,798315,985071
2019-01-01,Cabotaje,Ciudad de Buenos Aires - San Carlos de Bariloche,7264,1061040,1246715
2019-01-01,Cabotaje,Ciudad de Buenos Aires - San Fernando del Valle de Catamarca,739,55765,71817
2019-01-01,Cabotaje,Ciudad de Buenos Aires - San Juan,1376,148132,178280
2019-01-01,Cabotaje,Ciudad de Buenos Aires - San Luis,910,74036,89181
2019-01-01,Cabotaje,Ciudad de Buenos Aires - San Martín de los Andes,1099,143962,181389
2019-01-01,Cabotaje,Ciudad de Buenos Aires - San Miguel de Tucumán,4836,626414,729860
2019-01-01,Cabotaje,Ciudad de Buenos Aires - San Rafael,685,53905,65899
2019-01-01,Cabotaje,Ciudad de Buenos Aires - San Salvador de Jujuy,2468,236529,307048
2019-01-01,Cabotaje,Ciudad de Buenos Aires - Santa Fe,1716,94949,140187
2019-01-01,Cabotaje,Ciudad de Buenos Aires - Santa Rosa,597,47515,57333
2019-01-01,Cabotaje,Ciudad de Buenos Aires - Santiago del Estero,1060,94238,116226
2019-01-01,Cabotaje,Ciudad de Buenos Aires - Trelew,2190,260323,333087
2019-01-01,Cabotaje,Ciudad de Buenos Aires - Ushuaia,4486,592402,693627
2019-01-01,Cabotaje,Ciudad de Buenos Aires - Viedma,508,39090,48737
2019-01-01,Cabotaje,Comodoro Rivadavia - Córdoba,662,67584,85229
2019-01-01,Cabotaje,Comodoro Rivadavia - Mendoza,542,32660,52138
2019-01-01,Cabotaje,Comodoro Rivadavia - Neuquén,689,48454,66170
2019-01-01,Cabotaje,Comodoro Rivadavia - Río Gallegos,168,2672,6198
2019-01-01,Cabotaje,Comodoro Rivadavia - Trelew,264,10426,25406
2019-01-01,Cabotaje,Corrientes - El Palomar,712,109525,134567
2019-01-01,Cabotaje,Córdoba - Corrientes,100,8997,18108
2019-01-01,Cabotaje,Córdoba - El Calafate,202,16320,19381
2019-01-01,Cabotaje,Córdoba - El Palomar,1076,156361,202062
2019-01-01,Cabotaje,Córdoba - Ezeiza,2117,231654,274127
2019-01-01,Cabotaje,Córdoba - Mar del Plata,461,34153,44272
2019-01-01,Cabotaje,Córdoba - Mendoza,1594,136054,167252
2019-01-01,Cabotaje,Córdoba - Neuquén,960,125112,161270
2019-01-01,Cabotaje,Córdoba - Posadas,335,23542,32290
2019-01-01,Cabotaje,Córdoba - Puerto Iguazú,1002,101410,130340
2019-01-01,Cabotaje,Córdoba - Resistencia,425,33881,41225
2019-01-01,Cabotaje,Córdoba - Salta,1059,143730,180101
2019-01-01,Cabotaje,Córdoba - San Carlos de Bariloche,1175,128772,164017
2019-01-01,Cabotaje,Córdoba - San Miguel de Tucumán,757,73330,102427
2019-01-01,Cabotaje,Córdoba - San Salvador de Jujuy,687,53309,65957
2019-01-01,Cabotaje,Córdoba - Trelew,137,10749,13210
2019-01-01,Cabotaje,Córdoba - Ushuaia,582,46583,55911
2019-01-01,Cabotaje,El Calafate - Ezeiza,401,52542,67000
2019-01-01,Cabotaje,El Calafate - San Carlos de Bariloche,421,48911,71549
2019-01-01,Cabotaje,El Calafate - Trelew,165,10067,15951
2019-01-01,Cabotaje,El Calafate - Ushuaia,1041,142209,177080
2019-01-01,Cabotaje,El Palomar - Mendoza,1110,163288,208227
2019-01-01,Cabotaje,El Palomar - Neuquén,702,101528,131624
2019-01-01,Cabotaje,El Palomar - Posadas,621,94271,117275
2019-01-01,Cabotaje,El Palomar - Puerto Iguazú,1030,165804,193782
2019-01-01,Cabotaje,El Palomar - Salta,911,143940,171164
2019-01-01,Cabotaje,El Palomar - San Carlos de Bariloche,1702,268847,320159
2019-01-01,Cabotaje,El Palomar - San Miguel de Tucumán,648,97146,121854
2019-01-01,Cabotaje,El Palomar - San Salvador de Jujuy,559,90797,105557
2019-01-01,Cabotaje,El Palomar - Santiago del Estero,323,48191,61047
2019-01-01,Cabotaje,El Palomar - Trelew,222,32544,41864
2019-01-01,Cabotaje,Ezeiza - Mar del Plata,685,44495,65921
2019-01-01,Cabotaje,Ezeiza - Mendoza,1694,147265,183275
2019-01-01,Cabotaje,Ezeiza - Puerto Iguazú,767,84027,99913
2019-01-01,Cabotaje,Ezeiza - Resistencia,132,19487,22329
2019-01-01,Cabotaje,Ezeiza - Rosario,811,56461,79499
2019-01-01,Cabotaje,Ezeiza - Salta,843,107620,137484
2019-01-01,Cabotaje,Ezeiza - San Carlos de Bariloche,1550,220448,266799
2019-01-01,Cabotaje,Ezeiza - San Miguel de Tucumán,731,70464,96011
2019-01-01,Cabotaje,Ezeiza - Trelew,130,11960,22064
2019-01-01,Cabotaje,Ezeiza - Ushuaia,459,63743,79491
2019-01-01,Cabotaje,La Rioja - San Fernando del Valle de Catamarca,50,2282,5049
2019-01-01,Cabotaje,Mar del Plata - Mendoza,82,6413,7872
2019-01-01,Cabotaje,Mar del Plata - Rosario,55,3815,5188
2019-01-01,Cabotaje,Mar del Plata - San Miguel de Tucumán,92,7143,8832
2019-01-01,Cabotaje,Mendoza - Neuquén,808,55893,87810
2019-01-01,Cabotaje,Mendoza - Puerto Iguazú,179,24399,33747
2019-01-01,Cabotaje,Mendoza - Rosario,393,30222,39532
2019-01-01,Cabotaje,Mendoza - Salta,439,40970,54112
2019-01-01,Cabotaje,Mendoza - San Carlos de Bariloche,190,25206,35441
2019-01-01,Cabotaje,Mendoza - San Miguel de Tucumán,79,8820,14580
2019-01-01,Cabotaje,Neuquén - Salta,168,23072,31115
2019-01-01,Cabotaje,Puerto Iguazú - Rosario,491,45088,64901
2019-01-01,Cabotaje,Puerto Iguazú - Salta,584,53523,69456
2019-01-01,Cabotaje,Reconquista - Rosario,54,1917,3857
2019-01-01,Cabotaje,Rosario - Salta,514,48586,68730
2019-01-01,Cabotaje,Rosario - San Carlos de Bariloche,475,34968,45600
2019-01-01,Cabotaje,Rosario - San Miguel de Tucumán,52,3938,9434
2019-01-01,Cabotaje,Río Gallegos - Río Grande,79,1058,2905
2019-01-01,Cabotaje,Río Gallegos - Ushuaia,95,1923,4214
2019-01-01,Cabotaje,Río Grande - Ushuaia,84,1355,3359
2019-01-01,Cabotaje,Salta - San Salvador de Jujuy,52,3488,8527
2019-01-01,Cabotaje,San Carlos de Bariloche - San Miguel de Tucumán,84,12687,14601
2019-01-01,Cabotaje,Trelew - Ushuaia,337,28500,57173
2019-01-01,Internacional,Amsterdam - Ezeiza,654,188900,222999
2019-01-01,Internacional,Asunción - Ciudad de Buenos Aires,193,7092,11716
2019-01-01,Internacional,Asunción - Córdoba,492,58026,146854
2019-01-01,Internacional,Asunción - El Palomar,372,50814,70308
2019-01-01,Internacional,Asunción - Ezeiza,3130,257120,379677
2019-01-01,Internacional,Atlanta - Ezeiza,678,157033,184450
2019-01-01,Internacional,Auckland - Ezeiza,381,95121,118080
2019-01-01,Internacional,Barcelona - Ezeiza,730,195688,229022
2019-01-01,Internacional,Belo Horizonte - Ezeiza,806,123525,138753
2019-01-01,Internacional,Bogotá - Ezeiza,1959,304040,354413
2019-01-01,Internacional,Brasilia - Ezeiza,781,110322,140769
2019-01-01,Internacional,Cabo Frio - Ezeiza,52,5264,6136
2019-01-01,Internacional,Cancún - Ezeiza,453,109392,122955
2019-01-01,Internacional,Caracas - Ezeiza,177,33385,47954
2019-01-01,Internacional,Cayo Coco - Ezeiza,55,8576,14533
2019-01-01,Internacional,Ciudad de Buenos Aires - Curitiba,73,5169,8986
2019-01-01,Internacional,Ciudad de Buenos Aires - Florianópolis,352,50108,59349
2019-01-01,Internacional,Ciudad de Buenos Aires - Montevideo,3374,217699,317227
2019-01-01,Internacional,Ciudad de Buenos Aires - Punta del Este,1515,116378,191313
2019-01-01,Internacional,Ciudad de Buenos Aires - Río de Janeiro,433,62529,73313
2019-01-01,Internacional,Ciudad de Buenos Aires - Santa Cruz de la Sierra,87,5644,8342
2019-01-01,Internacional,Ciudad de Buenos Aires - Santiago,901,138524,162678
2019-01-01,Internacional,Ciudad de Buenos Aires - São Paulo,852,123528,147555
2019-01-01,Internacional,Curitiba - Ezeiza,649,63389,92677
2019-01-01,Internacional,Córdoba - Florianópolis,127,9270,13887
2019-01-01,Internacional,Córdoba - Lima,716,111629,130463
2019-01-01,Internacional,Córdoba - Miami,233,38447,47916
2019-01-01,Internacional,Córdoba - Panamá,809,108849,124586
2019-01-01,Internacional,Córdoba - Porto Alegre,77,8152,9246
2019-01-01,Internacional,Córdoba - Punta del Este,111,8540,14376
2019-01-01,Internacional,Córdoba - Recife,100,15780,17400
2019-01-01,Internacional,Córdoba - Río de Janeiro,668,99522,118841
2019-01-01,Internacional,Córdoba - Salvador,87,12677,14919
2019-01-01,Internacional,Córdoba - Santiago,1292,189296,229480
2019-01-01,Internacional,Córdoba - São Paulo,458,66095,79723
2019-01-01,Internacional,Dallas-Fort Worth - Ezeiza,710,156546,181292
2019-01-01,Internacional,El Palomar - Punta del Este,83,8969,15687
2019-01-01,Internacional,El Palomar - Santiago,1042,143253,193812
2019-01-01,Internacional,Ezeiza - Florianópolis,1000,133598,173001
2019-01-01,Internacional,Ezeiza - Fortaleza,105,14962,18918
2019-01-01,Internacional,Ezeiza - Frankfurt am Main,717,232632,262267
2019-01-01,Internacional,Ezeiza - Houston,717,175985,191932
2019-01-01,Internacional,Ezeiza - João Pessoa,56,7848,10098
2019-01-01,Internacional,Ezeiza - Lima,4746,783113,887890
2019-01-01,Internacional,Ezeiza - Londres,1385,350641,426906
2019-01-01,Internacional,Ezeiza - Los Angeles,309,72730,87731
2019-01-01,Internacional,Ezeiza - Maceió,49,6945,8846
2019-01-01,Internacional,Ezeiza - Madrid,3366,939750,1064182
2019-01-01,Internacional,Ezeiza - Manaus,104,9882,18726
2019-01-01,Internacional,Ezeiza - Miami,3610,849862,955934
2019-01-01,Internacional,Ezeiza - Montevideo,590,41280,62657
2019-01-01,Internacional,Ezeiza - México DF,940,212533,249571
2019-01-01,Internacional,Ezeiza - Natal,77,11087,13902
2019-01-01,Internacional,Ezeiza - Navegantes,133,14088,16033
2019-01-01,Internacional,Ezeiza - Nueva York,1932,421405,497359
2019-01-01,Internacional,Ezeiza - Panamá,2173,309484,337510
2019-01-01,Internacional,Ezeiza - París,714,193188,211725
2019-01-01,Internacional,Ezeiza - Porto Alegre,1424,112740,180132
2019-01-01,Internacional,Ezeiza - Porto Seguro,226,30822,38341
2019-01-01,Internacional,Ezeiza - Punta Cana,147,22581,24990
2019-01-01,Internacional,Ezeiza - Recife,319,47636,56492
2019-01-01,Internacional,Ezeiza - Roma,1418,354331,407936
2019-01-01,Internacional,Ezeiza - Río de Janeiro,4888,779116,925880
2019-01-01,Internacional,Ezeiza - Salvador,826,122468,142115
2019-01-01,Internacional,Ezeiza - Santa Cruz de la Sierra,1493,204641,263876
2019-01-01,Internacional,Ezeiza - Santiago,9376,1409176,1849807
2019-01-01,Internacional,Ezeiza - São Paulo,11002,1739486,2159310
2019-01-01,Internacional,Ezeiza - Toronto,80,19087,23746
2019-01-01,Internacional,Ezeiza - Zurich,195,50591,61230
2019-01-01,Internacional,Florianópolis - Rosario,50,5622,8598
2019-01-01,Internacional,Iquique - Salta,48,3330,5612
2019-01-01,Internacional,Lima - Mendoza,535,65400,79123
2019-01-01,Internacional,Lima - Rosario,710,95137,115528
2019-01-01,Internacional,Lima - Salta,370,39419,56386
2019-01-01,Internacional,Lima - San Miguel de Tucumán,457,51395,69776
2019-01-01,Internacional,Mendoza - Panamá,454,57306,69772
2019-01-01,Internacional,Mendoza - Santiago,2191,305505,377944
2019-01-01,Internacional,Mendoza - São Paulo,574,78863,101711
2019-01-01,Internacional,Neuquén - Santiago,229,27776,39846
2019-01-01,Internacional,Panamá - Rosario,702,97431,110112
2019-01-01,Internacional,Panamá - Salta,206,20070,26984
2019-01-01,Internacional,Porto Alegre - Rosario,62,6443,7220
2019-01-01,Internacional,Recife - Rosario,101,15966,17574
2019-01-01,Internacional,Rosario - Santiago,230,27810,40378
2019-01-01,Internacional,Rosario - São Paulo,263,35367,46157
2019-01-01,Internacional,Río de Janeiro - Rosario,604,82575,98779
2019-01-01,Internacional,Salta - Santa Cruz de la Sierra,162,8367,19012
2019-01-01,Internacional,San Carlos de Bariloche - São Paulo,250,38095,43787
2019-01-01,Internacional,San Miguel de Tucumán - Santiago,52,4828,8850
2019-01-01,Internacional,San Miguel de Tucumán - São Paulo,51,4547,8682
2020-01-01,Cabotaje,Bahía Blanca - Ciudad de Buenos Aires,412,41807,55540
2020-01-01,Cabotaje,Bahía Blanca - Ezeiza,57,3744,5906
2020-01-01,Cabotaje,Bahía Blanca - Mar del Plata,147,6238,14101
2020-01-01,Cabotaje,Bahía Blanca - Trelew,69,2579,6661
2020-01-01,Cabotaje,Bahía Blanca - Ushuaia,64,4417,6144
2020-01-01,Cabotaje,Ciudad de Buenos Aires - Comodoro Rivadavia,903,88037,116475
2020-01-01,Cabotaje,Ciudad de Buenos Aires - Corrientes,172,14653,17972
2020-01-01,Cabotaje,Ciudad de Buenos Aires - Córdoba,1767,234307,284488
2020-01-01,Cabotaje,Ciudad de Buenos Aires - El Calafate,817,116376,138167
2020-01-01,Cabotaje,Ciudad de Buenos Aires - Esquel,140,12088,14091
2020-01-01,Cabotaje,Ciudad de Buenos Aires - Formosa,217,17760,21104
2020-01-01,Cabotaje,Ciudad de Buenos Aires - La Rioja,118,8777,11465
2020-01-01,Cabotaje,Ciudad de Buenos Aires - Mar del Plata,609,60429,71588
2020-01-01,Cabotaje,Ciudad de Buenos Aires - Mendoza,1503,188617,234393
2020-01-01,Cabotaje,Ciudad de Buenos Aires - Neuquén,1044,141414,175910
2020-01-01,Cabotaje,Ciudad de Buenos Aires - Paraná,111,7691,11269
2020-01-01,Cabotaje,Ciudad de Buenos Aires - Posadas,301,29698,36547
2020-01-01,Cabotaje,Ciudad de Buenos Aires - Puerto Iguazú,1488,196598,239811
2020-01-01,Cabotaje,Ciudad de Buenos Aires - Puerto Madryn,79,10382,12952
2020-01-01,Cabotaje,Ciudad de Buenos Aires - Resistencia,317,34029,43199
2020-01-01,Cabotaje,Ciudad de Buenos Aires - Rosario,423,22036,45180
2020-01-01,Cabotaje,Ciudad de Buenos Aires - Río Cuarto,79,4299,7584
2020-01-01,Cabotaje,Ciudad de Buenos Aires - Río Gallegos,444,59019,71429
2020-01-01,Cabotaje,Ciudad de Buenos Aires - Río Grande,282,28020,34618
2020-01-01,Cabotaje,Ciudad de Buenos Aires - Salta,1068,150617,175319
2020-01-01,Cabotaje,Ciudad de Buenos Aires - San Carlos de Bariloche,1623,245759,278167
2020-01-01,Cabotaje,Ciudad de Buenos Aires - San Fernando del Valle de Catamarca,132,9434,12663
2020-01-01,Cabotaje,Ciudad de Buenos Aires - San Juan,269,28070,36105
2020-01-01,Cabotaje,Ciudad de Buenos Aires - San Luis,157,12329,15328
2020-01-01,Cabotaje,Ciudad de Buenos Aires - San Martín de los Andes,221,29662,35374
2020-01-01,Cabotaje,Ciudad de Buenos Aires - San Miguel de Tucumán,857,109071,129415
2020-01-01,Cabotaje,Ciudad de Buenos Aires - San Rafael,132,10634,12671
2020-01-01,Cabotaje,Ciudad de Buenos Aires - San Salvador de Jujuy,455,48354,62196
2020-01-01,Cabotaje,Ciudad de Buenos Aires - Santa Fe,189,9493,15235
2020-01-01,Cabotaje,Ciudad de Buenos Aires - Santa Rosa,95,6714,9072
2020-01-01,Cabotaje,Ciudad de Buenos Aires - Santiago del Estero,156,12808,15676
2020-01-01,Cabotaje,Ciudad de Buenos Aires - Trelew,491,53648,70151
2020-01-01,Cabotaje,Ciudad de Buenos Aires - Ushuaia,1298,177183,208664
2020-01-01,Cabotaje,Ciudad de Buenos Aires - Viedma,84,7097,8064
2020-01-01,Cabotaje,Comodoro Rivadavia - Córdoba,155,12316,14880
2020-01-01,Cabotaje,Comodoro Rivadavia - Ezeiza,85,10343,13382
2020-01-01,Cabotaje,Comodoro Rivadavia - Mendoza,67,3684,6421
2020-01-01,Cabotaje,Comodoro Rivadavia - Neuquén,153,9104,14768
2020-01-01,Cabotaje,Comodoro Rivadavia - Trelew,74,2859,7559
2020-01-01,Cabotaje,Corrientes - El Palomar,99,15414,18710
2020-01-01,Cabotaje,Corrientes - Ezeiza,53,3860,5821
2020-01-01,Cabotaje,Córdoba - El Calafate,62,5265,5952
2020-01-01,Cabotaje,Córdoba - El Palomar,270,42508,50547
2020-01-01,Cabotaje,Córdoba - Ezeiza,738,83079,104579
2020-01-01,Cabotaje,Córdoba - Mar del Plata,141,11643,13536
2020-01-01,Cabotaje,Córdoba - Mendoza,356,27317,36088
2020-01-01,Cabotaje,Córdoba - Neuquén,198,23043,28425
2020-01-01,Cabotaje,Córdoba - Puerto Iguazú,258,27931,34586
2020-01-01,Cabotaje,Córdoba - Resistencia,66,4728,6336
2020-01-01,Cabotaje,Córdoba - Salta,268,33528,41456
2020-01-01,Cabotaje,Córdoba - San Carlos de Bariloche,207,26821,30515
2020-01-01,Cabotaje,Córdoba - San Miguel de Tucumán,158,12851,15474
2020-01-01,Cabotaje,Córdoba - San Salvador de Jujuy,103,7367,9888
2020-01-01,Cabotaje,Córdoba - Trelew,52,4009,4985
2020-01-01,Cabotaje,Córdoba - Ushuaia,110,9509,10559
2020-01-01,Cabotaje,El Calafate - Ezeiza,238,31137,39961
2020-01-01,Cabotaje,El Calafate - San Carlos de Bariloche,153,18800,26010
2020-01-01,Cabotaje,El Calafate - Trelew,62,3559,5920
2020-01-01,Cabotaje,El Calafate - Ushuaia,394,50040,67138
2020-01-01,Cabotaje,El Palomar - Mendoza,249,40097,46523
2020-01-01,Cabotaje,El Palomar - Neuquén,182,27380,33988
2020-01-01,Cabotaje,El Palomar - Posadas,138,23331,26081
2020-01-01,Cabotaje,El Palomar - Puerto Iguazú,260,42301,48701
2020-01-01,Cabotaje,El Palomar - Salta,269,44643,50360
2020-01-01,Cabotaje,El Palomar - San Carlos de Bariloche,472,79530,88583
2020-01-01,Cabotaje,El Palomar - San Miguel de Tucumán,126,20251,23688
2020-01-01,Cabotaje,El Palomar - San Salvador de Jujuy,99,17396,18617
2020-01-01,Cabotaje,El Palomar - Santiago del Estero,55,9082,10365
2020-01-01,Cabotaje,El Palomar - Trelew,52,8387,9827
2020-01-01,Cabotaje,El Palomar - Ushuaia,48,6941,8928
2020-01-01,Cabotaje,Ezeiza - Mar del Plata,211,14153,20455
2020-01-01,Cabotaje,Ezeiza - Mendoza,591,61724,73463
2020-01-01,Cabotaje,Ezeiza - Neuquén,165,20218,27165
2020-01-01,Cabotaje,Ezeiza - Posadas,90,7527,10975
2020-01-01,Cabotaje,Ezeiza - Puerto Iguazú,327,32858,45182
2020-01-01,Cabotaje,Ezeiza - Resistencia,133,12502,16464
2020-01-01,Cabotaje,Ezeiza - Rosario,253,14014,24415
2020-01-01,Cabotaje,Ezeiza - Salta,350,41416,51248
2020-01-01,Cabotaje,Ezeiza - San Carlos de Bariloche,594,74555,100463
2020-01-01,Cabotaje,Ezeiza - San Juan,53,3895,5313
2020-01-01,Cabotaje,Ezeiza - San Miguel de Tucumán,358,33261,41368
2020-01-01,Cabotaje,Ezeiza - San Salvador de Jujuy,100,10076,13059
2020-01-01,Cabotaje,Ezeiza - Santiago del Estero,57,4385,6153
2020-01-01,Cabotaje,Ezeiza - Trelew,84,7621,10602
2020-01-01,Cabotaje,Ezeiza - Ushuaia,323,43520,53496
2020-01-01,Cabotaje,Mar del Plata - Mendoza,75,6297,7200
2020-01-01,Cabotaje,Mar del Plata - Rosario,51,3807,4996
2020-01-01,Cabotaje,Mar del Plata - San Miguel de Tucumán,91,7746,8900
2020-01-01,Cabotaje,Mendoza - Neuquén,155,8720,14943
2020-01-01,Cabotaje,Mendoza - Rosario,91,8410,12221
2020-01-01,Cabotaje,Mendoza - Salta,107,10248,13929
2020-01-01,Cabotaje,Mendoza - San Carlos de Bariloche,48,7471,8862
2020-01-01,Cabotaje,Neuquén - Salta,52,7979,9579
2020-01-01,Cabotaje,Puerto Iguazú - Rosario,152,14999,22314
2020-01-01,Cabotaje,Puerto Iguazú - Salta,224,21987,28221
2020-01-01,Cabotaje,Rosario - Salta,108,11081,14683
2020-01-01,Cabotaje,Rosario - San Carlos de Bariloche,89,7286,8544
2020-01-01,Cabotaje,Trelew - Ushuaia,89,8718,14819
2020-01-01,Internacional,Amsterdam - Ezeiza,250,53501,81457
2020-01-01,Internacional,Asunción - Córdoba,86,10895,25570
2020-01-01,Internacional,Asunción - Ezeiza,743,60208,80865
2020-01-01,Internacional,Atlanta - Ezeiza,140,29341,33877
2020-01-01,Internacional,Auckland - Ezeiza,144,27766,42913
2020-01-01,Internacional,Barcelona - Ezeiza,161,43505,50428
2020-01-01,Internacional,Belo Horizonte - Ezeiza,125,18953,21735
2020-01-01,Internacional,Bogotá - Ezeiza,569,83606,103816
2020-01-01,Internacional,Brasilia - Ezeiza,154,18378,27738
2020-01-01,Internacional,Cancún - Ezeiza,156,35735,42247
2020-01-01,Internacional,Ciudad de Buenos Aires - Montevideo,540,31799,46875
2020-01-01,Internacional,Ciudad de Buenos Aires - Punta del Este,430,43034,64901
2020-01-01,Internacional,Curitiba - Ezeiza,164,14500,27356
2020-01-01,Internacional,Córdoba - Lima,152,21647,24821
2020-01-01,Internacional,Córdoba - Miami,88,13720,18040
2020-01-01,Internacional,Córdoba - Panamá,161,21069,24794
2020-01-01,Internacional,Córdoba - Río de Janeiro,257,34061,45296
2020-01-01,Internacional,Córdoba - Santiago,230,32266,39672
2020-01-01,Internacional,Córdoba - São Paulo,76,11086,13494
2020-01-01,Internacional,Dallas-Fort Worth - Ezeiza,202,42861,52740
2020-01-01,Internacional,El Palomar - Santiago,219,27920,40734
2020-01-01,Internacional,Ezeiza - Florianópolis,720,86880,118468
2020-01-01,Internacional,Ezeiza - Frankfurt am Main,207,59071,75583
2020-01-01,Internacional,Ezeiza - Houston,213,43574,55209
2020-01-01,Internacional,Ezeiza - Lima,1044,167148,196341
2020-01-01,Internacional,Ezeiza - Londres,285,64911,82483
2020-01-01,Internacional,Ezeiza - Los Angeles,61,15562,17349
2020-01-01,Internacional,Ezeiza - Madrid,886,228750,282496
2020-01-01,Internacional,Ezeiza - Miami,1064,228022,287064
2020-01-01,Internacional,Ezeiza - Montevideo,181,12279,19394
2020-01-01,Internacional,Ezeiza - México DF,329,68195,88120
2020-01-01,Internacional,Ezeiza - Nueva York,229,51465,62194
2020-01-01,Internacional,Ezeiza - Orlando,63,12040,17052
2020-01-01,Internacional,Ezeiza - Panamá,603,82289,92981
2020-01-01,Internacional,Ezeiza - París,254,54631,73709
2020-01-01,Internacional,Ezeiza - Porto Alegre,301,19889,34461
2020-01-01,Internacional,Ezeiza - Porto Seguro,87,11181,14597
2020-01-01,Internacional,Ezeiza - Recife,93,13119,16296
2020-01-01,Internacional,Ezeiza - Roma,273,65470,79834
2020-01-01,Internacional,Ezeiza - Río de Janeiro,1477,206833,271376
2020-01-01,Internacional,Ezeiza - Salvador,191,25707,32341
2020-01-01,Internacional,Ezeiza - Santa Cruz de la Sierra,554,75444,94947
2020-01-01,Internacional,Ezeiza - Santiago,2491,378821,512956
2020-01-01,Internacional,Ezeiza - São Paulo,3101,432449,596745
2020-01-01,Internacional,Ezeiza - Zurich,48,12513,15176
2020-01-01,Internacional,Lima - Mendoza,88,11487,14148
2020-01-01,Internacional,Lima - Rosario,146,19326,24270
2020-01-01,Internacional,Lima - Salta,64,7886,9852
2020-01-01,Internacional,Lima - San Miguel de Tucumán,84,11499,14072
2020-01-01,Internacional,Mendoza - Panamá,94,11812,14752
2020-01-01,Internacional,Mendoza - Santiago,387,51897,66150
2020-01-01,Internacional,Mendoza - São Paulo,135,16607,23640
2020-01-01,Internacional,Panamá - Rosario,159,20697,24948
2020-01-01,Internacional,Panamá - Salta,48,5243,6242
2020-01-01,Internacional,Río de Janeiro - Rosario,239,30613,42402
2021-01-01,Cabotaje,Bahía Blanca - Ciudad de Buenos Aires,473,40117,48904
2021-01-01,Cabotaje,Bahía Blanca - Ezeiza,118,9241,11485
2021-01-01,Cabotaje,Bahía Blanca - Viedma,95,3280,9072
2021-01-01,Cabotaje,Ciudad de Buenos Aires - Comodoro Rivadavia,1094,116949,136012
2021-01-01,Cabotaje,Ciudad de Buenos Aires - Corrientes,705,90938,108778
2021-01-01,Cabotaje,Ciudad de Buenos Aires - Córdoba,3259,380638,462673
2021-01-01,Cabotaje,Ciudad de Buenos Aires - El Calafate,1462,195450,244967
2021-01-01,Cabotaje,Ciudad de Buenos Aires - Esquel,322,28488,37261
2021-01-01,Cabotaje,Ciudad de Buenos Aires - Formosa,111,10087,10620
2021-01-01,Cabotaje,Ciudad de Buenos Aires - La Rioja,85,7419,8426
2021-01-01,Cabotaje,Ciudad de Buenos Aires - Mar del Plata,695,55512,73003
2021-01-01,Cabotaje,Ciudad de Buenos Aires - Mendoza,3011,408565,478233
2021-01-01,Cabotaje,Ciudad de Buenos Aires - Neuquén,1663,227414,270583
2021-01-01,Cabotaje,Ciudad de Buenos Aires - Paraná,173,8748,16651
2021-01-01,Cabotaje,Ciudad de Buenos Aires - Posadas,965,118722,139890
2021-01-01,Cabotaje,Ciudad de Buenos Aires - Puerto Iguazú,2253,301206,363239
2021-01-01,Cabotaje,Ciudad de Buenos Aires - Puerto Madryn,204,20151,22580
2021-01-01,Cabotaje,Ciudad de Buenos Aires - Resistencia,511,50190,57878
2021-01-01,Cabotaje,Ciudad de Buenos Aires - Rio Hondo,65,5411,6451
2021-01-01,Cabotaje,Ciudad de Buenos Aires - Rosario,706,36631,78274
2021-01-01,Cabotaje,Ciudad de Buenos Aires - Río Cuarto,136,6994,13045
2021-01-01,Cabotaje,Ciudad de Buenos Aires - Río Gallegos,587,69105,77943
2021-01-01,Cabotaje,Ciudad de Buenos Aires - Río Grande,200,25493,30132
2021-01-01,Cabotaje,Ciudad de Buenos Aires - Salta,2301,342049,389522
2021-01-01,Cabotaje,Ciudad de Buenos Aires - San Carlos de Bariloche,4417,646011,753776
2021-01-01,Cabotaje,Ciudad de Buenos Aires - San Fernando del Valle de Catamarca,140,9523,13853
2021-01-01,Cabotaje,Ciudad de Buenos Aires - San Juan,551,50102,60109
2021-01-01,Cabotaje,Ciudad de Buenos Aires - San Luis,235,17866,22512
2021-01-01,Cabotaje,Ciudad de Buenos Aires - San Martín de los Andes,556,77267,92932
2021-01-01,Cabotaje,Ciudad de Buenos Aires - San Miguel de Tucumán,1660,232537,268132
2021-01-01,Cabotaje,Ciudad de Buenos Aires - San Rafael,198,15223,19082
2021-01-01,Cabotaje,Ciudad de Buenos Aires - San Salvador de Jujuy,978,129391,146010
2021-01-01,Cabotaje,Ciudad de Buenos Aires - Santa Fe,223,13386,21433
2021-01-01,Cabotaje,Ciudad de Buenos Aires - Santa Rosa,127,7547,12202
2021-01-01,Cabotaje,Ciudad de Buenos Aires - Santiago del Estero,485,53400,63711
2021-01-01,Cabotaje,Ciudad de Buenos Aires - Trelew,961,132001,149918
2021-01-01,Cabotaje,Ciudad de Buenos Aires - Ushuaia,1614,245319,272958
2021-01-01,Cabotaje,Ciudad de Buenos Aires - Viedma,107,6899,10224
2021-01-01,Cabotaje,Comodoro Rivadavia - Ezeiza,270,29380,37049
2021-01-01,Cabotaje,Comodoro Rivadavia - Neuquén,211,13316,20525
2021-01-01,Cabotaje,Comodoro Rivadavia - Río Gallegos,104,1202,3828
2021-01-01,Cabotaje,Corrientes - Ezeiza,169,14345,19262
2021-01-01,Cabotaje,Córdoba - Ezeiza,862,99124,126695
2021-01-01,Cabotaje,Córdoba - Mendoza,426,30920,43239
2021-01-01,Cabotaje,Córdoba - Neuquén,246,25008,28953
2021-01-01,Cabotaje,Córdoba - Puerto Iguazú,164,14069,18172
2021-01-01,Cabotaje,Córdoba - Salta,246,22594,27150
2021-01-01,Cabotaje,Córdoba - San Carlos de Bariloche,634,73980,93047
2021-01-01,Cabotaje,Córdoba - San Miguel de Tucumán,100,7296,9771
2021-01-01,Cabotaje,Córdoba - San Salvador de Jujuy,140,10565,14041
2021-01-01,Cabotaje,El Calafate - Ezeiza,588,81469,104196
2021-01-01,Cabotaje,El Calafate - Río Gallegos,52,429,2068
2021-01-01,Cabotaje,El Calafate - Ushuaia,430,51908,72470
2021-01-01,Cabotaje,Esquel - Ezeiza,105,8714,11346
2021-01-01,Cabotaje,Ezeiza - Mar del Plata,255,17623,24722
2021-01-01,Cabotaje,Ezeiza - Mendoza,867,115198,140196
2021-01-01,Cabotaje,Ezeiza - Neuquén,464,53725,73150
2021-01-01,Cabotaje,Ezeiza - Posadas,188,19248,23155
2021-01-01,Cabotaje,Ezeiza - Puerto Iguazú,606,78902,105868
2021-01-01,Cabotaje,Ezeiza - Resistencia,195,17361,20947
2021-01-01,Cabotaje,Ezeiza - Rosario,228,10964,23317
2021-01-01,Cabotaje,Ezeiza - Río Gallegos,140,16883,20325
2021-01-01,Cabotaje,Ezeiza - Río Grande,189,22243,29521
2021-01-01,Cabotaje,Ezeiza - Salta,631,82188,101587
2021-01-01,Cabotaje,Ezeiza - San Carlos de Bariloche,2055,307197,365819
2021-01-01,Cabotaje,Ezeiza - San Fernando del Valle de Catamarca,72,4294,7088
2021-01-01,Cabotaje,Ezeiza - San Juan,200,16368,21851
2021-01-01,Cabotaje,Ezeiza - San Luis,71,4429,6784
2021-01-01,Cabotaje,Ezeiza - San Martín de los Andes,228,30633,37447
2021-01-01,Cabotaje,Ezeiza - San Miguel de Tucumán,562,63506,79211
2021-01-01,Cabotaje,Ezeiza - San Rafael,95,6553,9120
2021-01-01,Cabotaje,Ezeiza - San Salvador de Jujuy,356,36093,44083
2021-01-01,Cabotaje,Ezeiza - Santiago del Estero,176,15727,20067
2021-01-01,Cabotaje,Ezeiza - Trelew,316,32616,40302
2021-01-01,Cabotaje,Ezeiza - Ushuaia,1108,184670,224525
2021-01-01,Cabotaje,Ezeiza - Viedma,49,2792,4656
2021-01-01,Cabotaje,La Rioja - San Fernando del Valle de Catamarca,82,3079,8037
2021-01-01,Cabotaje,Mendoza - Neuquén,218,12480,20741
2021-01-01,Cabotaje,Mendoza - Rosario,80,7501,8298
2021-01-01,Cabotaje,Mendoza - Salta,104,9601,11754
2021-01-01,Cabotaje,Mendoza - San Carlos de Bariloche,181,22600,33112
2021-01-01,Cabotaje,Neuquén - Rosario,115,12083,21299
2021-01-01,Cabotaje,Neuquén - Salta,248,30753,40235
2021-01-01,Cabotaje,Puerto Iguazú - Salta,115,11297,15570
2021-01-01,Cabotaje,Rosario - Salta,77,7550,8089
2021-01-01,Cabotaje,Rosario - San Carlos de Bariloche,274,30493,35153
2021-01-01,Cabotaje,Río Cuarto - Santa Rosa,100,3388,9600
2021-01-01,Cabotaje,Río Gallegos - Río Grande,114,967,3504
2021-01-01,Cabotaje,Río Gallegos - Ushuaia,87,905,3222
2021-01-01,Cabotaje,Río Grande - Ushuaia,95,876,2928
2021-01-01,Internacional,Amsterdam - Ezeiza,270,51274,82601
2021-01-01,Internacional,Asunción - Ciudad de Buenos Aires,273,23301,28778
2021-01-01,Internacional,Asunción - Ezeiza,591,29804,39745
2021-01-01,Internacional,Atlanta - Ezeiza,200,37021,52280
2021-01-01,Internacional,Barcelona - Ezeiza,149,33688,46879
2021-01-01,Internacional,Bogotá - Ezeiza,680,91766,118268
2021-01-01,Internacional,Cancún - Ezeiza,117,20990,31656
2021-01-01,Internacional,Ciudad de Buenos Aires - Lima,146,18422,22050
2021-01-01,Internacional,Ciudad de Buenos Aires - Montevideo,135,10553,13938
2021-01-01,Internacional,Ciudad de Buenos Aires - Punta del Este,96,8427,11426
2021-01-01,Internacional,Ciudad de Buenos Aires - Río de Janeiro,114,16839,19062
2021-01-01,Internacional,Ciudad de Buenos Aires - Santa Cruz de la Sierra,90,6285,8714
2021-01-01,Internacional,Ciudad de Buenos Aires - Santiago,519,63347,80538
2021-01-01,Internacional,Ciudad de Buenos Aires - São Paulo,470,65125,74499
2021-01-01,Internacional,Córdoba - Panamá,50,6863,7712
2021-01-01,Internacional,Córdoba - Santiago,50,6408,8744
2021-01-01,Internacional,Dallas-Fort Worth - Ezeiza,263,55681,73476
2021-01-01,Internacional,Ezeiza - Florianópolis,56,6128,9296
2021-01-01,Internacional,Ezeiza - Frankfurt am Main,246,60634,89442
2021-01-01,Internacional,Ezeiza - Houston,347,75118,87670
2021-01-01,Internacional,Ezeiza - Lima,588,73760,99068
2021-01-01,Internacional,Ezeiza - Madrid,1038,234276,331844
2021-01-01,Internacional,Ezeiza - Miami,1404,331813,396101
2021-01-01,Internacional,Ezeiza - México DF,287,56030,77057
2021-01-01,Internacional,Ezeiza - Nueva York,283,61257,76865
2021-01-01,Internacional,Ezeiza - Panamá,722,101842,115432
2021-01-01,Internacional,Ezeiza - París,207,46692,61326
2021-01-01,Internacional,Ezeiza - Punta Cana,62,8581,16737
2021-01-01,Internacional,Ezeiza - Río de Janeiro,156,15388,27428
2021-01-01,Internacional,Ezeiza - Santa Cruz de la Sierra,480,62561,80580
2021-01-01,Internacional,Ezeiza - Santiago,920,111619,159372
2021-01-01,Internacional,Ezeiza - São Paulo,776,100769,174697
2021-01-01,Internacional,Mendoza - Santiago,140,18207,22798
2021-01-01,Internacional,Mendoza - São Paulo,62,5355,10764
2022-01-01,Cabotaje,Bahía Blanca - Ciudad de Buenos Aires,1443,179481,215314
2022-01-01,Cabotaje,Bahía Blanca - Mar del Plata,168,5475,15585
2022-01-01,Cabotaje,Bahía Blanca - Neuquén,57,444,2091
2022-01-01,Cabotaje,Bahía Blanca - Trelew,164,6670,14922
2022-01-01,Cabotaje,Ciudad de Buenos Aires - Comodoro Rivadavia,2698,315921,373096
2022-01-01,Cabotaje,Ciudad de Buenos Aires - Corrientes,1495,209396,242233
2022-01-01,Cabotaje,Ciudad de Buenos Aires - Córdoba,6721,960802,1078683
2022-01-01,Cabotaje,Ciudad de Buenos Aires - El Calafate,2539,385454,431653
2022-01-01,Cabotaje,Ciudad de Buenos Aires - Esquel,548,67345,83507
2022-01-01,Cabotaje,Ciudad de Buenos Aires - Formosa,791,82740,89655
2022-01-01,Cabotaje,Ciudad de Buenos Aires - La Rioja,590,50330,57692
2022-01-01,Cabotaje,Ciudad de Buenos Aires - Mar del Plata,1937,204863,254388
2022-01-01,Cabotaje,Ciudad de Buenos Aires - Mendoza,7179,1019236,1135078
2022-01-01,Cabotaje,Ciudad de Buenos Aires - Neuquén,4055,599238,671972
2022-01-01,Cabotaje,Ciudad de Buenos Aires - Paraná,446,31126,43176
2022-01-01,Cabotaje,Ciudad de Buenos Aires - Posadas,1499,204380,231952
2022-01-01,Cabotaje,Ciudad de Buenos Aires - Puerto Iguazú,5245,807476,877303
2022-01-01,Cabotaje,Ciudad de Buenos Aires - Puerto Madryn,768,109930,125281
2022-01-01,Cabotaje,Ciudad de Buenos Aires - Resistencia,1466,180154,211660
2022-01-01,Cabotaje,Ciudad de Buenos Aires - Rio Hondo,199,19070,24140
2022-01-01,Cabotaje,Ciudad de Buenos Aires - Rosario,1878,138670,239678
2022-01-01,Cabotaje,Ciudad de Buenos Aires - Río Cuarto,351,22644,33685
2022-01-01,Cabotaje,Ciudad de Buenos Aires - Río Gallegos,1326,173702,201301
2022-01-01,Cabotaje,Ciudad de Buenos Aires - Río Grande,825,109263,130627
2022-01-01,Cabotaje,Ciudad de Buenos Aires - Salta,5010,745542,813818
2022-01-01,Cabotaje,Ciudad de Buenos Aires - San Carlos de Bariloche,7623,1211035,1330781
2022-01-01,Cabotaje,Ciudad de Buenos Aires - San Fernando del Valle de Catamarca,655,54446,64763
2022-01-01,Cabotaje,Ciudad de Buenos Aires - San Juan,1190,141733,163334
2022-01-01,Cabotaje,Ciudad de Buenos Aires - San Luis,795,68764,79436
2022-01-01,Cabotaje,Ciudad de Buenos Aires - San Martín de los Andes,1023,153059,172274
2022-01-01,Cabotaje,Ciudad de Buenos Aires - San Miguel de Tucumán,3874,563319,616994
2022-01-01,Cabotaje,Ciudad de Buenos Aires - San Rafael,604,51055,58058
2022-01-01,Cabotaje,Ciudad de Buenos Aires - San Salvador de Jujuy,2536,365875,409553
2022-01-01,Cabotaje,Ciudad de Buenos Aires - Santa Fe,778,59779,75646
2022-01-01,Cabotaje,Ciudad de Buenos Aires - Santa Rosa,334,25228,32149
2022-01-01,Cabotaje,Ciudad de Buenos Aires - Santiago del Estero,1193,160747,183527
2022-01-01,Cabotaje,Ciudad de Buenos Aires - Trelew,1463,216146,250509
2022-01-01,Cabotaje,Ciudad de Buenos Aires - Ushuaia,2862,456782,496250
2022-01-01,Cabotaje,Ciudad de Buenos Aires - Viedma,383,28817,37431
2022-01-01,Cabotaje,Comodoro Rivadavia - Córdoba,293,32878,40262
2022-01-01,Cabotaje,Comodoro Rivadavia - Ezeiza,265,29683,39615
2022-01-01,Cabotaje,Comodoro Rivadavia - Neuquén,526,34516,56201
2022-01-01,Cabotaje,Comodoro Rivadavia - Río Gallegos,277,7306,18889
2022-01-01,Cabotaje,Comodoro Rivadavia - Trelew,163,7065,15000
2022-01-01,Cabotaje,Corrientes - Ezeiza,79,8491,11871
2022-01-01,Cabotaje,Córdoba - El Calafate,220,32249,37431
2022-01-01,Cabotaje,Córdoba - Ezeiza,610,57628,72337
2022-01-01,Cabotaje,Córdoba - Mar del Plata,268,22871,27773
2022-01-01,Cabotaje,Córdoba - Mendoza,1281,107488,140776
2022-01-01,Cabotaje,Córdoba - Neuquén,729,82972,97646
2022-01-01,Cabotaje,Córdoba - Posadas,169,11865,18179
2022-01-01,Cabotaje,Córdoba - Puerto Iguazú,472,46233,52697
2022-01-01,Cabotaje,Córdoba - Resistencia,350,26721,33912
2022-01-01,Cabotaje,Córdoba - Salta,618,86178,100887
2022-01-01,Cabotaje,Córdoba - San Carlos de Bariloche,1157,173225,206979
2022-01-01,Cabotaje,Córdoba - San Juan,342,21554,33405
2022-01-01,Cabotaje,Córdoba - San Martín de los Andes,60,6538,8478
2022-01-01,Cabotaje,Córdoba - San Miguel de Tucumán,418,34396,48040
2022-01-01,Cabotaje,Córdoba - San Salvador de Jujuy,375,31883,37716
2022-01-01,Cabotaje,Córdoba - Trelew,226,19096,23135
2022-01-01,Cabotaje,Córdoba - Ushuaia,234,35697,39642
2022-01-01,Cabotaje,El Calafate - Ezeiza,876,150461,183288
2022-01-01,Cabotaje,El Calafate - San Carlos de Bariloche,99,14320,16646
2022-01-01,Cabotaje,El Calafate - Trelew,49,4996,8245
2022-01-01,Cabotaje,El Calafate - Ushuaia,1091,155890,187014
2022-01-01,Cabotaje,Esquel - Ezeiza,103,12752,16673
2022-01-01,Cabotaje,Ezeiza - Mendoza,760,77588,97372
2022-01-01,Cabotaje,Ezeiza - Neuquén,341,41513,56286
2022-01-01,Cabotaje,Ezeiza - Posadas,96,10190,15079
2022-01-01,Cabotaje,Ezeiza - Puerto Iguazú,1216,200085,231041
2022-01-01,Cabotaje,Ezeiza - Resistencia,162,16846,23437
2022-01-01,Cabotaje,Ezeiza - Río Gallegos,137,15557,22597
2022-01-01,Cabotaje,Ezeiza - Río Grande,85,9326,14301
2022-01-01,Cabotaje,Ezeiza - Salta,881,128868,148995
2022-01-01,Cabotaje,Ezeiza - San Carlos de Bariloche,2451,382899,450936
2022-01-01,Cabotaje,Ezeiza - San Juan,308,31790,42085
2022-01-01,Cabotaje,Ezeiza - San Martín de los Andes,202,28652,33753
2022-01-01,Cabotaje,Ezeiza - San Miguel de Tucumán,544,74422,88133
2022-01-01,Cabotaje,Ezeiza - San Salvador de Jujuy,319,47479,54149
2022-01-01,Cabotaje,Ezeiza - Santiago del Estero,139,15235,19984
2022-01-01,Cabotaje,Ezeiza - Trelew,399,49263,67049
2022-01-01,Cabotaje,Ezeiza - Ushuaia,1552,279699,329593
2022-01-01,Cabotaje,La Rioja - San Fernando del Valle de Catamarca,52,1948,5104
2022-01-01,Cabotaje,Malargue - Neuquén,136,1267,5006
2022-01-01,Cabotaje,Mar del Plata - Mendoza,208,21266,27897
2022-01-01,Cabotaje,Mar del Plata - Rosario,54,5681,7437
2022-01-01,Cabotaje,Mar del Plata - San Miguel de Tucumán,110,12527,14640
2022-01-01,Cabotaje,Mendoza - Neuquén,545,37661,58424
2022-01-01,Cabotaje,Mendoza - Rosario,373,34660,44829
2022-01-01,Cabotaje,Mendoza - Salta,341,39565,48238
2022-01-01,Cabotaje,Mendoza - San Carlos de Bariloche,392,57053,68822
2022-01-01,Cabotaje,Mendoza - San Salvador de Jujuy,101,5405,10161
2022-01-01,Cabotaje,Neuquén - Salta,567,74936,87672
2022-01-01,Cabotaje,Puerto Iguazú - Rosario,254,30197,35684
2022-01-01,Cabotaje,Puerto Iguazú - Salta,389,45138,57099
2022-01-01,Cabotaje,Puerto Iguazú - San Miguel de Tucumán,206,14791,23340
2022-01-01,Cabotaje,Puerto Iguazú - San Salvador de Jujuy,101,5939,10378
2022-01-01,Cabotaje,Resistencia - Salta,192,12286,25120
2022-01-01,Cabotaje,Rosario - Salta,376,33986,40582
2022-01-01,Cabotaje,Rosario - San Carlos de Bariloche,553,73100,93177
2022-01-01,Cabotaje,Rosario - San Martín de los Andes,63,7405,10710
2022-01-01,Cabotaje,Río Cuarto - Santa Rosa,151,4955,14448
2022-01-01,Cabotaje,Río Gallegos - Río Grande,503,3487,9949
2022-01-01,Cabotaje,Río Gallegos - Ushuaia,134,1498,3994
2022-01-01,Cabotaje,Río Grande - Ushuaia,100,1395,3617
2022-01-01,Cabotaje,Salta - San Carlos de Bariloche,74,8503,12495
2022-01-01,Cabotaje,Salta - San Miguel de Tucumán,107,4635,13154
2022-01-01,Cabotaje,San Carlos de Bariloche - Viedma,190,8927,19062
2022-01-01,Cabotaje,Trelew - Ushuaia,79,9109,13442
2022-01-01,Internacional,Amsterdam - Ezeiza,575,146974,169336
2022-01-01,Internacional,Asunción - Ciudad de Buenos Aires,1722,128748,161316
2022-01-01,Internacional,Asunción - Córdoba,493,75412,156944
2022-01-01,Internacional,Asunción - Ezeiza,205,9489,14738
2022-01-01,Internacional,Atlanta - Ezeiza,518,100600,125637
2022-01-01,Internacional,Barcelona - Ezeiza,429,115433,134688
2022-01-01,Internacional,Bogotá - Ciudad de Buenos Aires,364,36455,46652
2022-01-01,Internacional,Bogotá - Ezeiza,1835,301082,344729
2022-01-01,Internacional,Brasilia - Ciudad de Buenos Aires,249,25904,33599
2022-01-01,Internacional,Cancún - Ezeiza,317,76715,85676
2022-01-01,Internacional,Ciudad de Buenos Aires - Curitiba,308,31327,41280
2022-01-01,Internacional,Ciudad de Buenos Aires - Florianópolis,544,77863,97489
2022-01-01,Internacional,Ciudad de Buenos Aires - Lima,1190,160758,202740
2022-01-01,Internacional,Ciudad de Buenos Aires - Montevideo,1537,134051,180211
2022-01-01,Internacional,Ciudad de Buenos Aires - Porto Alegre,338,33440,46177
2022-01-01,Internacional,Ciudad de Buenos Aires - Punta del Este,597,58876,81526
2022-01-01,Internacional,Ciudad de Buenos Aires - Río de Janeiro,2237,323182,386708
2022-01-01,Internacional,Ciudad de Buenos Aires - Salvador,302,40092,50741
2022-01-01,Internacional,Ciudad de Buenos Aires - Santa Cruz de la Sierra,672,52426,65602
2022-01-01,Internacional,Ciudad de Buenos Aires - Santiago,3593,496527,620999
2022-01-01,Internacional,Ciudad de Buenos Aires - São Paulo,5727,810504,984241
2022-01-01,Internacional,Córdoba - Lima,357,49719,60958
2022-01-01,Internacional,Córdoba - Panamá,601,83990,92592
2022-01-01,Internacional,Córdoba - Río de Janeiro,118,15408,20418
2022-01-01,Internacional,Córdoba - Santiago,517,72147,89255
2022-01-01,Internacional,Córdoba - São Paulo,148,16468,25201
2022-01-01,Internacional,Dallas-Fort Worth - Ezeiza,409,94453,110029
2022-01-01,Internacional,Ezeiza - Florianópolis,139,18023,25178
2022-01-01,Internacional,Ezeiza - Frankfurt am Main,552,177137,202317
2022-01-01,Internacional,Ezeiza - Houston,662,159051,174316
2022-01-01,Internacional,Ezeiza - Lima,1508,220885,263194
2022-01-01,Internacional,Ezeiza - Londres,113,24623,34750
2022-01-01,Internacional,Ezeiza - Madrid,2396,670025,739927
2022-01-01,Internacional,Ezeiza - Medellín,230,29861,42836
2022-01-01,Internacional,Ezeiza - Miami,2136,501280,570374
2022-01-01,Internacional,Ezeiza - México DF,709,148677,174953
2022-01-01,Internacional,Ezeiza - Nueva York,921,208185,249621
2022-01-01,Internacional,Ezeiza - Panamá,1971,296205,321514
2022-01-01,Internacional,Ezeiza - París,487,128581,141116
2022-01-01,Internacional,Ezeiza - Punta Cana,463,78924,91904
2022-01-01,Internacional,Ezeiza - Quito,56,6107,7211
2022-01-01,Internacional,Ezeiza - Roma,580,156022,180242
2022-01-01,Internacional,Ezeiza - Río de Janeiro,1014,167875,200716
2022-01-01,Internacional,Ezeiza - Santa Cruz de la Sierra,925,150770,178777
2022-01-01,Internacional,Ezeiza - Santiago,2899,447271,582007
2022-01-01,Internacional,Ezeiza - São Paulo,2642,505958,708289
2022-01-01,Internacional,Lima - Mendoza,60,6368,10501
2022-01-01,Internacional,Mendoza - Panamá,468,63787,72205
2022-01-01,Internacional,Mendoza - Santiago,1200,142628,205556
2022-01-01,Internacional,Mendoza - São Paulo,607,71435,107902
2022-01-01,Internacional,Panamá - Rosario,460,61265,71066
2022-01-01,Internacional,Salta - São Paulo,109,6308,13498
2022-01-01,Internacional,San Carlos de Bariloche - São Paulo,124,15077,20455
2023-01-01,Cabotaje,Bahía Blanca - Ciudad de Buenos Aires,2016,225612,266508
2023-01-01,Cabotaje,Bahía Blanca - Mar del Plata,350,11424,31949
2023-01-01,Cabotaje,Bahía Blanca - San Carlos de Bariloche,52,2344,4354
2023-01-01,Cabotaje,Bahía Blanca - Trelew,318,11932,29751
2023-01-01,Cabotaje,Ciudad de Buenos Aires - Comodoro Rivadavia,3433,405479,482862
2023-01-01,Cabotaje,Ciudad de Buenos Aires - Corrientes,2127,286829,331038
2023-01-01,Cabotaje,Ciudad de Buenos Aires - Córdoba,8928,1264580,1455866
2023-01-01,Cabotaje,Ciudad de Buenos Aires - El Calafate,2700,422483,459179
2023-01-01,Cabotaje,Ciudad de Buenos Aires - Esquel,597,78524,92501
2023-01-01,Cabotaje,Ciudad de Buenos Aires - Formosa,1017,105185,116508
2023-01-01,Cabotaje,Ciudad de Buenos Aires - La Rioja,839,72089,89035
2023-01-01,Cabotaje,Ciudad de Buenos Aires - Mar del Plata,2432,228704,284907
2023-01-01,Cabotaje,Ciudad de Buenos Aires - Mendoza,9321,1305975,1461622
2023-01-01,Cabotaje,Ciudad de Buenos Aires - Merlo,99,8486,9710
2023-01-01,Cabotaje,Ciudad de Buenos Aires - Neuquén,4944,743725,833643
2023-01-01,Cabotaje,Ciudad de Buenos Aires - Paraná,715,51307,70136
2023-01-01,Cabotaje,Ciudad de Buenos Aires - Posadas,2593,346839,390052
2023-01-01,Cabotaje,Ciudad de Buenos Aires - Puerto Iguazú,6429,971044,1062752
2023-01-01,Cabotaje,Ciudad de Buenos Aires - Puerto Madryn,1158,173531,200894
2023-01-01,Cabotaje,Ciudad de Buenos Aires - Resistencia,1466,145974,167710
2023-01-01,Cabotaje,Ciudad de Buenos Aires - Rio Hondo,137,11764,15888
2023-01-01,Cabotaje,Ciudad de Buenos Aires - Rosario,1800,146502,217998
2023-01-01,Cabotaje,Ciudad de Buenos Aires - Río Cuarto,380,28257,36772
2023-01-01,Cabotaje,Ciudad de Buenos Aires - Río Gallegos,1475,198446,222277
2023-01-01,Cabotaje,Ciudad de Buenos Aires - Río Grande,906,126593,149059
2023-01-01,Cabotaje,Ciudad de Buenos Aires - Salta,5549,775562,842038
2023-01-01,Cabotaje,Ciudad de Buenos Aires - San Carlos de Bariloche,8102,1282920,1404882
2023-01-01,Cabotaje,Ciudad de Buenos Aires - San Fernando del Valle de Catamarca,843,71779,91185
2023-01-01,Cabotaje,Ciudad de Buenos Aires - San Juan,1627,180720,211226
2023-01-01,Cabotaje,Ciudad de Buenos Aires - San Luis,843,72278,84250
2023-01-01,Cabotaje,Ciudad de Buenos Aires - San Martín de los Andes,1491,220001,253144
2023-01-01,Cabotaje,Ciudad de Buenos Aires - San Miguel de Tucumán,4529,633759,707469
2023-01-01,Cabotaje,Ciudad de Buenos Aires - San Rafael,522,44726,50281
2023-01-01,Cabotaje,Ciudad de Buenos Aires - San Salvador de Jujuy,2680,383605,422547
2023-01-01,Cabotaje,Ciudad de Buenos Aires - Santa Fe,1076,83911,105819
2023-01-01,Cabotaje,Ciudad de Buenos Aires - Santa Rosa,604,51314,58675
2023-01-01,Cabotaje,Ciudad de Buenos Aires - Santiago del Estero,1628,218062,247368
2023-01-01,Cabotaje,Ciudad de Buenos Aires - Trelew,1504,192093,240868
2023-01-01,Cabotaje,Ciudad de Buenos Aires - Ushuaia,2936,462376,506959
2023-01-01,Cabotaje,Ciudad de Buenos Aires - Viedma,395,30324,38090
2023-01-01,Cabotaje,Comodoro Rivadavia - Córdoba,348,40576,45315
2023-01-01,Cabotaje,Comodoro Rivadavia - El Calafate,87,1054,3393
2023-01-01,Cabotaje,Comodoro Rivadavia - Ezeiza,422,45797,63836
2023-01-01,Cabotaje,Comodoro Rivadavia - Neuquén,521,31306,51692
2023-01-01,Cabotaje,Comodoro Rivadavia - Río Gallegos,454,17899,33974
2023-01-01,Cabotaje,Comodoro Rivadavia - Trelew,318,14789,29768
2023-01-01,Cabotaje,Corrientes - Ezeiza,194,25211,32738
2023-01-01,Cabotaje,Córdoba - Corrientes,83,4247,7931
2023-01-01,Cabotaje,Córdoba - El Calafate,258,38370,43773
2023-01-01,Cabotaje,Córdoba - Ezeiza,1549,172190,217864
2023-01-01,Cabotaje,Córdoba - Mar del Plata,308,25460,30249
2023-01-01,Cabotaje,Córdoba - Mendoza,1416,135571,182142
2023-01-01,Cabotaje,Córdoba - Neuquén,884,119735,139016
2023-01-01,Cabotaje,Córdoba - Posadas,349,26963,36459
2023-01-01,Cabotaje,Córdoba - Puerto Iguazú,485,62259,74016
2023-01-01,Cabotaje,Córdoba - Resistencia,326,23812,31804
2023-01-01,Cabotaje,Córdoba - Salta,1083,156699,190941
2023-01-01,Cabotaje,Córdoba - San Carlos de Bariloche,1263,188994,223548
2023-01-01,Cabotaje,Córdoba - San Juan,262,14496,25562
2023-01-01,Cabotaje,Córdoba - San Martín de los Andes,59,6372,8822
2023-01-01,Cabotaje,Córdoba - San Miguel de Tucumán,410,42926,57427
2023-01-01,Cabotaje,Córdoba - San Salvador de Jujuy,439,43968,55627
2023-01-01,Cabotaje,Córdoba - Trelew,258,24946,31402
2023-01-01,Cabotaje,Córdoba - Ushuaia,357,51618,60408
2023-01-01,Cabotaje,El Calafate - Ezeiza,1351,217449,251744
2023-01-01,Cabotaje,El Calafate - Rosario,103,13153,17370
2023-01-01,Cabotaje,El Calafate - Río Gallegos,102,1050,3984
2023-01-01,Cabotaje,El Calafate - San Carlos de Bariloche,179,27303,30395
2023-01-01,Cabotaje,El Calafate - Trelew,109,11381,18379
2023-01-01,Cabotaje,El Calafate - Ushuaia,1134,164063,192619
2023-01-01,Cabotaje,Esquel - Ezeiza,95,11825,15080
2023-01-01,Cabotaje,Ezeiza - Mendoza,1585,189919,234988
2023-01-01,Cabotaje,Ezeiza - Neuquén,778,100092,132416
2023-01-01,Cabotaje,Ezeiza - Posadas,253,29803,38637
2023-01-01,Cabotaje,Ezeiza - Puerto Iguazú,2510,411847,465960
2023-01-01,Cabotaje,Ezeiza - Puerto Madryn,191,24516,32017
2023-01-01,Cabotaje,Ezeiza - Resistencia,127,12776,17643
2023-01-01,Cabotaje,Ezeiza - Rosario,287,16805,31324
2023-01-01,Cabotaje,Ezeiza - Río Gallegos,121,13620,17697
2023-01-01,Cabotaje,Ezeiza - Río Grande,215,26962,35241
2023-01-01,Cabotaje,Ezeiza - Salta,1614,252584,285901
2023-01-01,Cabotaje,Ezeiza - San Carlos de Bariloche,4816,767920,884920
2023-01-01,Cabotaje,Ezeiza - San Juan,204,20681,30212
2023-01-01,Cabotaje,Ezeiza - San Martín de los Andes,200,28319,33783
2023-01-01,Cabotaje,Ezeiza - San Miguel de Tucumán,1041,140821,171750
2023-01-01,Cabotaje,Ezeiza - San Salvador de Jujuy,953,140523,158261
2023-01-01,Cabotaje,Ezeiza - Santiago del Estero,134,14211,18418
2023-01-01,Cabotaje,Ezeiza - Trelew,408,47892,67400
2023-01-01,Cabotaje,Ezeiza - Ushuaia,2822,458901,549043
2023-01-01,Cabotaje,La Rioja - San Fernando del Valle de Catamarca,220,7595,22842
2023-01-01,Cabotaje,Mar del Plata - Mendoza,205,15725,20202
2023-01-01,Cabotaje,Mar del Plata - Rosario,51,4605,5682
2023-01-01,Cabotaje,Mar del Plata - San Miguel de Tucumán,158,14907,17995
2023-01-01,Cabotaje,Mendoza - Neuquén,524,35844,51907
2023-01-01,Cabotaje,Mendoza - Rosario,392,30724,42781
2023-01-01,Cabotaje,Mendoza - Salta,768,89916,111484
2023-01-01,Cabotaje,Mendoza - San Carlos de Bariloche,503,70282,89142
2023-01-01,Cabotaje,Mendoza - San Miguel de Tucumán,50,3699,4800
2023-01-01,Cabotaje,Mendoza - San Salvador de Jujuy,205,11581,20466
2023-01-01,Cabotaje,Neuquén - Salta,570,89074,101797
2023-01-01,Cabotaje,Puerto Iguazú - Rosario,325,31051,40366
2023-01-01,Cabotaje,Puerto Iguazú - Salta,360,31940,35999
2023-01-01,Cabotaje,Puerto Iguazú - San Miguel de Tucumán,206,13960,20095
2023-01-01,Cabotaje,Puerto Iguazú - San Salvador de Jujuy,205,12417,20464
2023-01-01,Cabotaje,Reconquista - Rosario,85,2721,7874
2023-01-01,Cabotaje,Resistencia - Salta,161,9272,16183
2023-01-01,Cabotaje,Rosario - Salta,325,25274,31901
2023-01-01,Cabotaje,Rosario - San Carlos de Bariloche,489,68828,82055
2023-01-01,Cabotaje,Río Gallegos - Río Grande,242,2327,5460
2023-01-01,Cabotaje,Río Gallegos - Ushuaia,294,3574,9589
2023-01-01,Cabotaje,Río Grande - Ushuaia,106,1557,4092
2023-01-01,Cabotaje,Salta - San Carlos de Bariloche,57,7770,9890
2023-01-01,Cabotaje,Salta - San Miguel de Tucumán,63,2500,6321
2023-01-01,Cabotaje,San Carlos de Bariloche - San Miguel de Tucumán,67,9088,11713
2023-01-01,Cabotaje,San Carlos de Bariloche - Viedma,200,9485,19253
2023-01-01,Cabotaje,Trelew - Ushuaia,155,18143,26102
2023-01-01,Internacional,Amsterdam - Ezeiza,686,166068,203103
2023-01-01,Internacional,Asunción - Ciudad de Buenos Aires,2322,170776,212733
2023-01-01,Internacional,Asunción - Córdoba,331,49604,100537
2023-01-01,Internacional,Asunción - Ezeiza,135,10898,17769
2023-01-01,Internacional,Atlanta - Ezeiza,681,145184,167439
2023-01-01,Internacional,Barcelona - Ezeiza,526,150901,165112
2023-01-01,Internacional,Bogotá - Ciudad de Buenos Aires,730,79580,93450
2023-01-01,Internacional,Bogotá - Ezeiza,1534,318841,348794
2023-01-01,Internacional,Brasilia - Ciudad de Buenos Aires,250,32741,39158
2023-01-01,Internacional,Cancún - Ezeiza,338,79306,84806
2023-01-01,Internacional,Ciudad de Buenos Aires - Curitiba,408,49394,57992
2023-01-01,Internacional,Ciudad de Buenos Aires - Florianópolis,1035,157776,187812
2023-01-01,Internacional,Ciudad de Buenos Aires - Fortaleza,51,7246,9470
2023-01-01,Internacional,Ciudad de Buenos Aires - Lima,1410,205286,242552
2023-01-01,Internacional,Ciudad de Buenos Aires - Montevideo,2259,210709,263245
2023-01-01,Internacional,Ciudad de Buenos Aires - Porto Alegre,578,73636,86998
2023-01-01,Internacional,Ciudad de Buenos Aires - Punta del Este,768,74775,97438
2023-01-01,Internacional,Ciudad de Buenos Aires - Recife,91,13621,16697
2023-01-01,Internacional,Ciudad de Buenos Aires - Río de Janeiro,2789,416541,482500
2023-01-01,Internacional,Ciudad de Buenos Aires - Salvador,516,76609,88282
2023-01-01,Internacional,Ciudad de Buenos Aires - Santa Cruz de la Sierra,702,57945,67984
2023-01-01,Internacional,Ciudad de Buenos Aires - Santiago,4924,725669,851648
2023-01-01,Internacional,Ciudad de Buenos Aires - São Paulo,6673,993635,1133579
2023-01-01,Internacional,Cochabamba - Ezeiza,148,19764,25593
2023-01-01,Internacional,Córdoba - Lima,585,76339,97608
2023-01-01,Internacional,Córdoba - Madrid,149,40781,46427
2023-01-01,Internacional,Córdoba - Panamá,957,138409,150750
2023-01-01,Internacional,Córdoba - Río de Janeiro,341,43857,61945
2023-01-01,Internacional,Córdoba - Santiago,739,97980,126878
2023-01-01,Internacional,Córdoba - São Paulo,364,43835,63699
2023-01-01,Internacional,Dallas-Fort Worth - Ezeiza,487,111301,122087
2023-01-01,Internacional,Ezeiza - Florianópolis,464,68094,85194
2023-01-01,Internacional,Ezeiza - Frankfurt am Main,659,208867,240855
2023-01-01,Internacional,Ezeiza - Houston,716,177601,191647
2023-01-01,Internacional,Ezeiza - La Habana,52,8087,12940
2023-01-01,Internacional,Ezeiza - Lima,2893,427584,503790
2023-01-01,Internacional,Ezeiza - Londres,357,70535,77479
2023-01-01,Internacional,Ezeiza - Maceió,94,12472,17457
2023-01-01,Internacional,Ezeiza - Madrid,3018,869167,955338
2023-01-01,Internacional,Ezeiza - Medellín,110,14715,20238
2023-01-01,Internacional,Ezeiza - Miami,2339,564345,619863
2023-01-01,Internacional,Ezeiza - Montevideo,180,14119,20669
2023-01-01,Internacional,Ezeiza - México DF,799,182679,210931
2023-01-01,Internacional,Ezeiza - Natal,71,9197,13188
2023-01-01,Internacional,Ezeiza - Nueva York,1071,250602,286993
2023-01-01,Internacional,Ezeiza - Panamá,2704,410172,448596
2023-01-01,Internacional,Ezeiza - París,648,192588,209767
2023-01-01,Internacional,Ezeiza - Punta Cana,440,78030,84577
2023-01-01,Internacional,Ezeiza - Quito,373,54394,61307
2023-01-01,Internacional,Ezeiza - Roma,1102,299560,341702
2023-01-01,Internacional,Ezeiza - Río de Janeiro,3196,540598,654254
2023-01-01,Internacional,Ezeiza - Santa Cruz de la Sierra,1074,170713,205691
2023-01-01,Internacional,Ezeiza - Santiago,5036,780696,988242
2023-01-01,Internacional,Ezeiza - São Paulo,3478,655346,874420
2023-01-01,Internacional,Lima - Mendoza,365,41237,60032
2023-01-01,Internacional,Mendoza - Panamá,576,79878,89022
2023-01-01,Internacional,Mendoza - Río de Janeiro,53,6503,9026
2023-01-01,Internacional,Mendoza - Santiago,1632,228880,283002
2023-01-01,Internacional,Mendoza - São Paulo,1016,143324,178858
2023-01-01,Internacional,Panamá - Rosario,688,97150,108402
2023-01-01,Internacional,Rosario - São Paulo,255,30331,46550
2023-01-01,Internacional,Río de Janeiro - Rosario,173,18830,30924
2023-01-01,Internacional,Salta - São Paulo,122,8806,11712
2023-01-01,Internacional,San Carlos de Bariloche - Santiago,226,34962,42040
2023-01-01,Internacional,San Carlos de Bariloche - São Paulo,115,17890,20442
2024-01-01,Cabotaje,Bahía Blanca - Ciudad de Buenos Aires,726,69745,83507
2024-01-01,Cabotaje,Bahía Blanca - Mar del Plata,112,3682,10001
2024-01-01,Cabotaje,Bahía Blanca - Trelew,93,3457,8880
2024-01-01,Cabotaje,Ciudad de Buenos Aires - Comodoro Rivadavia,1071,117663,137229
2024-01-01,Cabotaje,Ciudad de Buenos Aires - Corrientes,467,55597,67177
2024-01-01,Cabotaje,Ciudad de Buenos Aires - Córdoba,2953,386700,445765
2024-01-01,Cabotaje,Ciudad de Buenos Aires - El Calafate,1144,181557,196055
2024-01-01,Cabotaje,Ciudad de Buenos Aires - Esquel,230,28786,34951
2024-01-01,Cabotaje,Ciudad de Buenos Aires - Formosa,399,37820,46249
2024-01-01,Cabotaje,Ciudad de Buenos Aires - La Rioja,300,22713,29626
2024-01-01,Cabotaje,Ciudad de Buenos Aires - Mar del Plata,998,104150,121406
2024-01-01,Cabotaje,Ciudad de Buenos Aires - Mendoza,2723,374408,420523
2024-01-01,Cabotaje,Ciudad de Buenos Aires - Merlo,36,2799,3899
2024-01-01,Cabotaje,Ciudad de Buenos Aires - Neuquén,1483,211045,243844
2024-01-01,Cabotaje,Ciudad de Buenos Aires - Paraná,189,13917,18308
2024-01-01,Cabotaje,Ciudad de Buenos Aires - Posadas,740,90556,103790
2024-01-01,Cabotaje,Ciudad de Buenos Aires - Puerto Iguazú,1962,283493,309574
2024-01-01,Cabotaje,Ciudad de Buenos Aires - Puerto Madryn,168,22780,25694
2024-01-01,Cabotaje,Ciudad de Buenos Aires - Resistencia,640,56934,70366
2024-01-01,Cabotaje,Ciudad de Buenos Aires - Rio Hondo,45,3238,4468
2024-01-01,Cabotaje,Ciudad de Buenos Aires - Rosario,518,43392,58982
2024-01-01,Cabotaje,Ciudad de Buenos Aires - Río Cuarto,117,7534,11312
2024-01-01,Cabotaje,Ciudad de Buenos Aires - Río Gallegos,411,53302,61626
2024-01-01,Cabotaje,Ciudad de Buenos Aires - Río Grande,289,39873,48232
2024-01-01,Cabotaje,Ciudad de Buenos Aires - Salta,1521,194967,215484
2024-01-01,Cabotaje,Ciudad de Buenos Aires - San Carlos de Bariloche,2614,410009,448584
2024-01-01,Cabotaje,Ciudad de Buenos Aires - San Fernando del Valle de Catamarca,287,21617,28856
2024-01-01,Cabotaje,Ciudad de Buenos Aires - San Juan,534,53421,63709
2024-01-01,Cabotaje,Ciudad de Buenos Aires - San Luis,291,22928,28466
2024-01-01,Cabotaje,Ciudad de Buenos Aires - San Martín de los Andes,612,88898,104621
2024-01-01,Cabotaje,Ciudad de Buenos Aires - San Miguel de Tucumán,1192,156703,175885
2024-01-01,Cabotaje,Ciudad de Buenos Aires - San Rafael,225,18580,21805
2024-01-01,Cabotaje,Ciudad de Buenos Aires - San Salvador de Jujuy,919,125187,142387
2024-01-01,Cabotaje,Ciudad de Buenos Aires - Santa Fe,337,24866,32690
2024-01-01,Cabotaje,Ciudad de Buenos Aires - Santa Rosa,190,14161,18361
2024-01-01,Cabotaje,Ciudad de Buenos Aires - Santiago del Estero,524,63983,74422
2024-01-01,Cabotaje,Ciudad de Buenos Aires - Trelew,628,74470,91495
2024-01-01,Cabotaje,Ciudad de Buenos Aires - Ushuaia,1183,182442,203101
2024-01-01,Cabotaje,Ciudad de Buenos Aires - Viedma,137,9982,13141
2024-01-01,Cabotaje,Comodoro Rivadavia - Córdoba,119,12583,14698
2024-01-01,Cabotaje,Comodoro Rivadavia - El Calafate,49,603,1896
2024-01-01,Cabotaje,Comodoro Rivadavia - Ezeiza,117,14656,18283
2024-01-01,Cabotaje,Comodoro Rivadavia - Neuquén,171,10107,16409
2024-01-01,Cabotaje,Comodoro Rivadavia - Río Gallegos,76,3955,7256
2024-01-01,Cabotaje,Comodoro Rivadavia - Trelew,95,4138,9241
2024-01-01,Cabotaje,Corrientes - Ezeiza,32,4462,5392
2024-01-01,Cabotaje,Córdoba - El Calafate,97,14423,16490
2024-01-01,Cabotaje,Córdoba - Ezeiza,572,63095,78214
2024-01-01,Cabotaje,Córdoba - Mar del Plata,148,12686,14824
2024-01-01,Cabotaje,Córdoba - Mendoza,407,36817,48081
2024-01-01,Cabotaje,Córdoba - Neuquén,290,36493,42445
2024-01-01,Cabotaje,Córdoba - Posadas,92,6588,8873
2024-01-01,Cabotaje,Córdoba - Puerto Iguazú,154,20096,24116
2024-01-01,Cabotaje,Córdoba - Resistencia,118,8450,11479
2024-01-01,Cabotaje,Córdoba - Salta,310,44489,54032
2024-01-01,Cabotaje,Córdoba - San Carlos de Bariloche,397,62047,70973
2024-01-01,Cabotaje,Córdoba - San Juan,41,2363,4232
2024-01-01,Cabotaje,Córdoba - San Miguel de Tucumán,143,15621,19834
2024-01-01,Cabotaje,Córdoba - San Salvador de Jujuy,160,14142,18864
2024-01-01,Cabotaje,Córdoba - Trelew,49,4095,5041
2024-01-01,Cabotaje,Córdoba - Ushuaia,140,20183,23703
2024-01-01,Cabotaje,El Calafate - Ezeiza,553,86038,98721
2024-01-01,Cabotaje,El Calafate - Rosario,54,7256,9062
2024-01-01,Cabotaje,El Calafate - Río Gallegos,53,531,2039
2024-01-01,Cabotaje,El Calafate - San Carlos de Bariloche,190,26911,32192
2024-01-01,Cabotaje,El Calafate - Trelew,53,5215,8968
2024-01-01,Cabotaje,El Calafate - Ushuaia,503,77444,85159
2024-01-01,Cabotaje,Esquel - Ezeiza,19,1944,2640
2024-01-01,Cabotaje,Ezeiza - Mar del Plata,19,2677,3417
2024-01-01,Cabotaje,Ezeiza - Mendoza,513,56711,67159
2024-01-01,Cabotaje,Ezeiza - Neuquén,213,30236,38028
2024-01-01,Cabotaje,Ezeiza - Posadas,88,9916,12114
2024-01-01,Cabotaje,Ezeiza - Puerto Iguazú,805,124820,140563
2024-01-01,Cabotaje,Ezeiza - Puerto Madryn,37,5382,6246
2024-01-01,Cabotaje,Ezeiza - Rosario,83,5622,8792
2024-01-01,Cabotaje,Ezeiza - Río Gallegos,61,7918,10020
2024-01-01,Cabotaje,Ezeiza - Río Grande,110,14611,18376
2024-01-01,Cabotaje,Ezeiza - Salta,541,84861,95525
2024-01-01,Cabotaje,Ezeiza - San Carlos de Bariloche,1088,173225,196121
2024-01-01,Cabotaje,Ezeiza - San Juan,37,3933,5310
2024-01-01,Cabotaje,Ezeiza - San Martín de los Andes,65,8390,10817
2024-01-01,Cabotaje,Ezeiza - San Miguel de Tucumán,378,50627,61020
2024-01-01,Cabotaje,Ezeiza - San Salvador de Jujuy,248,39057,43932
2024-01-01,Cabotaje,Ezeiza - Santiago del Estero,41,4325,5809
2024-01-01,Cabotaje,Ezeiza - Trelew,136,15790,22752
2024-01-01,Cabotaje,Ezeiza - Ushuaia,1055,153917,188496
2024-01-01,Cabotaje,La Rioja - San Fernando del Valle de Catamarca,75,2577,7410
2024-01-01,Cabotaje,Mar del Plata - Mendoza,100,7797,9600
2024-01-01,Cabotaje,Mar del Plata - Rosario,54,4443,5284
2024-01-01,Cabotaje,Mar del Plata - San Miguel de Tucumán,88,7464,8441
2024-01-01,Cabotaje,Mendoza - Neuquén,172,10976,16646
2024-01-01,Cabotaje,Mendoza - Rosario,100,7050,10099
2024-01-01,Cabotaje,Mendoza - Salta,232,23463,31696
2024-01-01,Cabotaje,Mendoza - San Carlos de Bariloche,180,23946,31823
2024-01-01,Cabotaje,Mendoza - San Miguel de Tucumán,64,3958,6144
2024-01-01,Cabotaje,Mendoza - San Salvador de Jujuy,57,3559,5471
2024-01-01,Cabotaje,Neuquén - Rosario,33,2246,3184
2024-01-01,Cabotaje,Neuquén - Salta,155,23843,27882
2024-01-01,Cabotaje,Puerto Iguazú - Resistencia,23,1173,2329
2024-01-01,Cabotaje,Puerto Iguazú - Rosario,73,7154,9257
2024-01-01,Cabotaje,Puerto Iguazú - Salta,128,11582,12352
2024-01-01,Cabotaje,Puerto Iguazú - San Miguel de Tucumán,43,3440,4192
2024-01-01,Cabotaje,Puerto Iguazú - San Salvador de Jujuy,55,3747,5280
2024-01-01,Cabotaje,Reconquista - Rosario,22,581,2112
2024-01-01,Cabotaje,Resistencia - Salta,53,3094,5151
2024-01-01,Cabotaje,Rosario - Salta,96,6979,9322
2024-01-01,Cabotaje,Rosario - San Carlos de Bariloche,86,10668,12217
2024-01-01,Cabotaje,Río Gallegos - Río Grande,50,378,643
2024-01-01,Cabotaje,Río Gallegos - Ushuaia,86,1158,2518
2024-01-01,Cabotaje,San Carlos de Bariloche - Viedma,54,2402,5184
2024-01-01,Cabotaje,Trelew - Ushuaia,83,9363,13932
2024-01-01,Internacional,Amsterdam - Ezeiza,229,54186,67868
2024-01-01,Internacional,Asunción - Ciudad de Buenos Aires,768,56253,76452
2024-01-01,Internacional,Asunción - Córdoba,48,1376,2300
2024-01-01,Internacional,Atlanta - Ezeiza,232,50889,57260
2024-01-01,Internacional,Barcelona - Ezeiza,200,56987,62325
2024-01-01,Internacional,Bogotá - Ciudad de Buenos Aires,240,25669,30720
2024-01-01,Internacional,Bogotá - Ezeiza,493,98474,107511
2024-01-01,Internacional,Brasilia - Ciudad de Buenos Aires,79,10501,13430
2024-01-01,Internacional,Brasilia - Ezeiza,50,7174,9255
2024-01-01,Internacional,Cancún - Ezeiza,161,35367,37094
2024-01-01,Internacional,Ciudad de Buenos Aires - Curitiba,146,18960,24202
2024-01-01,Internacional,Ciudad de Buenos Aires - Florianópolis,458,68017,82812
2024-01-01,Internacional,Ciudad de Buenos Aires - Lima,484,68471,83346
2024-01-01,Internacional,Ciudad de Buenos Aires - Montevideo,628,60357,74485
2024-01-01,Internacional,Ciudad de Buenos Aires - Porto Alegre,216,29259,36168
2024-01-01,Internacional,Ciudad de Buenos Aires - Punta del Este,458,47485,61339
2024-01-01,Internacional,Ciudad de Buenos Aires - Recife,27,4253,4932
2024-01-01,Internacional,Ciudad de Buenos Aires - Río de Janeiro,995,149263,170563
2024-01-01,Internacional,Ciudad de Buenos Aires - Salvador,82,11095,14422
2024-01-01,Internacional,Ciudad de Buenos Aires - Santa Cruz de la Sierra,215,19043,22514
2024-01-01,Internacional,Ciudad de Buenos Aires - Santiago,1834,257228,316473
2024-01-01,Internacional,Ciudad de Buenos Aires - São Paulo,2302,342322,396872
2024-01-01,Internacional,Concepcion - Ezeiza,32,2315,5952
2024-01-01,Internacional,Córdoba - Florianópolis,75,9916,13164
2024-01-01,Internacional,Córdoba - Lima,239,34369,40003
2024-01-01,Internacional,Córdoba - Madrid,103,26754,31424
2024-01-01,Internacional,Córdoba - Panamá,446,65907,73696
2024-01-01,Internacional,Córdoba - Río de Janeiro,162,24033,29043
2024-01-01,Internacional,Córdoba - Santiago,220,30070,38452
2024-01-01,Internacional,Córdoba - São Paulo,95,13248,17009
2024-01-01,Internacional,Dallas-Fort Worth - Ezeiza,162,42008,46042
2024-01-01,Internacional,Ezeiza - Florianópolis,795,118516,147904
2024-01-01,Internacional,Ezeiza - Fortaleza,47,6253,8880
2024-01-01,Internacional,Ezeiza - Frankfurt am Main,212,68670,77512
2024-01-01,Internacional,Ezeiza - Houston,283,70416,75933
2024-01-01,Internacional,Ezeiza - La Habana,19,3642,4795
2024-01-01,Internacional,Ezeiza - Lima,987,149502,175140
2024-01-01,Internacional,Ezeiza - Maceió,36,5494,6632
2024-01-01,Internacional,Ezeiza - Madrid,1026,300854,329070
2024-01-01,Internacional,Ezeiza - Miami,897,215394,238134
2024-01-01,Internacional,Ezeiza - Montevideo,75,6568,9855
2024-01-01,Internacional,Ezeiza - México DF,391,88659,104499
2024-01-01,Internacional,Ezeiza - Natal,35,5424,6578
2024-01-01,Internacional,Ezeiza - Navegantes,61,7562,11172
2024-01-01,Internacional,Ezeiza - Nueva York,575,128841,150981
2024-01-01,Internacional,Ezeiza - Panamá,907,137978,149063
2024-01-01,Internacional,Ezeiza - París,200,58312,62732
2024-01-01,Internacional,Ezeiza - Porto Seguro,57,7750,10574
2024-01-01,Internacional,Ezeiza - Punta Cana,131,29160,30248
2024-01-01,Internacional,Ezeiza - Quito,130,20522,23131
2024-01-01,Internacional,Ezeiza - Recife,24,3801,4428
2024-01-01,Internacional,Ezeiza - Roma,371,102463,115058
2024-01-01,Internacional,Ezeiza - Río de Janeiro,1710,291820,346208
2024-01-01,Internacional,Ezeiza - Salvador,159,31080,36939
2024-01-01,Internacional,Ezeiza - Santa Cruz de la Sierra,415,67388,79140
2024-01-01,Internacional,Ezeiza - Santiago,1951,289794,382247
2024-01-01,Internacional,Ezeiza - Santo Domingo,105,12974,19537
2024-01-01,Internacional,Ezeiza - São Paulo,1154,221359,318856
2024-01-01,Internacional,Lima - Mendoza,168,19886,25992
2024-01-01,Internacional,Lima - Salta,108,12767,16338
2024-01-01,Internacional,Mendoza - Panamá,190,25188,29344
2024-01-01,Internacional,Mendoza - Río de Janeiro,29,3951,4946
2024-01-01,Internacional,Mendoza - Santiago,642,84569,112446
2024-01-01,Internacional,Mendoza - São Paulo,301,43879,53544
2024-01-01,Internacional,Panamá - Rosario,233,33765,37916
2024-01-01,Internacional,Rosario - São Paulo,68,9149,12538
2024-01-01,Internacional,Río de Janeiro - Rosario,103,14301,18988
2024-01-01,Internacional,Salta - São Paulo,28,2282,2836
2024-01-01,Internacional,San Carlos de Bariloche - Santiago,89,12353,16728
2024-01-01,Internacional,Santiago - Ushuaia,16,2068,2870
